num,kanji,radicals,meaning,concept,subconcept
1,亜,｜口,sub-,,
2,哀,亠口衣,sadness or pity,Emotions_and_Senses_(感),Emotions_(情)
3,挨,厶矢扌,push open,,
4,愛,冖夂心爪,love,Emotions_and_Senses_(感),Emotions_(情)
5,曖,冖夂心日爪,not clear,,
6,悪,｜口心,bad,Emotions_and_Senses_(感),Judgment_(評)
7,握,厶土尸至扌,grip,,
8,圧,厂土,pressure,,
9,扱,扌及,handle,,
10,宛,卩夕宀,allocate,,
11,嵐,山風,storm,Nature,Weather
12,安,女宀,cheap,Human_activities,Money_(銭)_and_Commerce_(商)
13,案,女宀木,plan,,
14,暗,日立音,dark,Nature,Weather
15,以,｜丶人,by means of,,
16,衣,亠,garment,Artificial_Structures_and_Products,Clothing_(服)_and_Textiles_(布)
17,位,立亻,rank,,
18,囲,囗井,surround,,
19,医,匚矢,doctor or medicine,Body_(身),Health_(体)
20,依,亠衣亻,reliant,,
21,委,女禾,committee,,
22,威,丿厂女戈,intimidate,,
23,為,丿灬,do,,
24,畏,田衣,apprehension,Emotions_and_Senses_(感),Emotions_(情)
25,胃,月田,stomach,Body_(身),Torso_and_organs
26,尉,寸尸示,military officer,,
27,異,八田井,uncommon,,
28,移,夕禾,shift,,
29,萎,女禾艹,wither,,
30,偉,口韋亻,admirable,,
31,椅,亅口大木,chair,Artificial_Structures_and_Products,Miscellaneous_Manufactured_Items
32,彙,冖彐木田彑,same kind,,
33,意,心日立音,idea,,
34,違,口韋辶,differ,,
35,維,糸隹,fibre,Artificial_Structures_and_Products,Clothing_(服)_and_Textiles_(布)
36,慰,寸尸心示,consolation,,
37,遺,口貝辶,bequeath,,
38,緯,口糸韋,horizontal,,
39,域,口土戈,range,,
40,育,亠厶月,nurture,,
41,一,一,1,Numbers_(数),
42,壱,冖匕士,one (falsification prevention),,
43,逸,丿儿勹辶免,deviate,,
44,茨,冫欠艹,brier,Nature,Plants_(植)_and_Trees_(樹)
45,芋,干艹,potato,Food_(食)_and_Drink_(飲),
46,引,｜弓,pull,,
47,印,｜卩,mark,,
48,因,囗大,cause,,
49,咽,口囗大,throat,Body_(身),Head_(頭)_and_Neck_(首)
50,姻,囗大女,matrimony,People_(人),Family_(家_/_族)
51,員,口貝,member,,
52,院,二儿宀阝元,institution,,
53,淫,丿士爪玉氵,lewdness,,
54,陰,二厶个阝,Yin principle,Human_activities,Religion_(宗)_and_the_Supernatural_World
55,飲,欠食,drink,,
56,隠,丿彐心尚阝,conceal,,
57,韻,口日立貝音,rhyme,,
58,右,丿口,right,Directions_(方)_and_Spatial_Relationships,
59,宇,亅宀干,universe,Nature,Sky
60,羽,冫,feather,Nature,Animals_(獣)
61,雨,雨,rain,Nature,Weather
62,唄,口貝,song,Human_activities,Culture
63,鬱,冖凵匕彡木缶,melancholy,Emotions_and_Senses_(感),Emotions_(情)
64,畝,亠田久,30 tsubo (99 m2),Numbers_(数),Units_of_Measurement_(測)
65,浦,丶十用氵,beach,Nature,Land_(陸)_and_Topography
66,運,冖車辶,carry,,
67,雲,二厶雨,cloud,Nature,Weather
68,永,丶水,eternity,Time_(時),
69,泳,丶水氵,swim,Body_(身),Actions
70,英,丿大艹,England,,
71,映,丿大日,reflect,,
72,栄,冖木尚,prosperity,,
73,営,冖口尚,management,Human_activities,Money_(銭)_and_Commerce_(商)
74,詠,丶水言,recite poetry,Human_activities,Culture
75,影,亠口小彡日,shadow,Nature,Weather
76,鋭,儿口金个丷,sharp,Physical_Attributes_and_Properties,Miscellaneous_properties
77,衛,口彳行韋,defense,,
78,易,勹日勿,easy,,
79,疫,殳疒,epidemic,Body_(身),Health_(体)
80,益,八皿丷,benefit,,
81,液,亠夕攴亻氵,liquid,Physical_Attributes_and_Properties,Miscellaneous_properties
82,駅,尸馬,station,,
83,悦,儿口丷忄,ecstasy,Emotions_and_Senses_(感),Emotions_(情)
84,越,土戈走,to pass or go beyond,Directions_(方)_and_Spatial_Relationships,Movement
85,謁,勹匕日言,audience,,
86,閲,儿口門丷,review,,
87,円,亠冂,yen,Human_activities,Money_(銭)_and_Commerce_(商)
88,延,廴止,prolong,,
89,沿,八口氵,run alongside,,
90,炎,火,blaze or flame,Nature,Weather
91,怨,卩夕心,resentment,Emotions_and_Senses_(感),Emotions_(情)
92,宴,女宀日,banquet,,
93,媛,丿又女爪,princess,People_(人),Roles_and_status
94,援,丿又爪扌,aid,,
95,園,口囗土衣,garden,,
96,煙,土火襾,fumes or smoke,Nature,Weather
97,猿,口土衣犭,monkey,Nature,Animals_(獣)
98,遠,口土衣辶,distant,Directions_(方)_and_Spatial_Relationships,
99,鉛,八口金丷,lead,Nature,Natural_Substances
100,塩,口土皿,salt,Nature,Natural_Substances
101,演,八宀田氵,perform,,
102,縁,彐糸豕,edge or border,Physical_Attributes_and_Properties,Form_and_Shape_(形)
103,艶,｜勹口日色豆丷,glossy,Physical_Attributes_and_Properties,Miscellaneous_properties
104,汚,氵,dirty,Physical_Attributes_and_Properties,Miscellaneous_properties
105,王,王,king,People_(人),Roles_and_status
106,凹,凵,concave,Physical_Attributes_and_Properties,Form_and_Shape_(形)
107,央,丿冖大,Centre,Directions_(方)_and_Spatial_Relationships,
108,応,广心,respond,,
109,往,丶彳玉,to go to,Directions_(方)_and_Spatial_Relationships,Movement
110,押,｜日田扌,push,,
111,旺,日玉,flourishing,,
112,欧,丶丿匚欠,Europe,,
113,殴,丶丿匚殳,"beat, assault",Human_activities,War_(戦)
114,桜,女木尚,sakura,Nature,Plants_(植)_and_Trees_(樹)
115,翁,八冫厶羽,old man,People_(人),General
116,奥,冂大米,interior,Directions_(方)_and_Spatial_Relationships,
117,横,｜二八廾日木田黄,side,,
118,岡,冂山丷,hill,Nature,Land_(陸)_and_Topography
119,屋,厶土尸至,roof,,
120,億,心日立音亻,"100,000,000",Numbers_(数),
121,憶,心日立音忄,recollection,,
122,臆,心日月立音,timidity,,
123,虞,八匕卜厂口虍,fear,Emotions_and_Senses_(感),Emotions_(情)
124,乙,乙,second,Numbers_(数),Counting_(計)_&_Sequence_(序)
125,俺,乙大亻奄,I or me,People_(人),General
126,卸,丿卩止,wholesale,Human_activities,Money_(銭)_and_Commerce_(商)
127,音,日立,sound,Emotions_and_Senses_(感),Senses
128,恩,囗大心,grace,,
129,温,日皿氵,warm,Physical_Attributes_and_Properties,Miscellaneous_properties
130,穏,彐心爪禾,calm,,
131,下,｜卜,down,Directions_(方)_and_Spatial_Relationships,
132,化,匕亻,change,,
133,火,火,fire,Nature,Weather
134,加,力口,to add,Numbers_(数),Calculations_(算)
135,可,亅口,possible,,
136,仮,厂又亻,temporary,,
137,何,亅口亻,what,,
138,花,匕亻艹,flower,Nature,Plants_(植)_and_Trees_(樹)
139,佳,土亻,excellent,,
140,価,襾亻,price,Human_activities,Money_(銭)_and_Commerce_(商)
141,果,｜木田,fruit,Food_(食)_and_Drink_(飲),
142,河,亅口氵,stream,Nature,Land_(陸)_and_Topography
143,苛,亅口艹,torment,,
144,科,斗禾,faculty,Human_activities,Culture
145,架,力口木,rack,,
146,夏,夂自,Summer,Time_(時),Seasons_(季_/_候)
147,家,宀豕,house,,
148,荷,亅口亻艹,luggage,,
149,華,｜艹,splendor,,
150,菓,木田艹,confectionery,Food_(食)_and_Drink_(飲),
151,貨,匕貝亻,goods or property,Human_activities,Money_(銭)_and_Commerce_(商)
152,渦,｜冂口氵,whirlpool,Nature,Weather
153,過,冂口辶,go beyond,,
154,嫁,女宀豕,"wife, bride",People_(人),Family_(家_/_族)
155,暇,又日,spare time,,
156,禍,冂口礻,calamity,,
157,靴,匕革亻,shoes,Artificial_Structures_and_Products,Clothing_(服)_and_Textiles_(布)
158,寡,八刀宀自,widow,People_(人),Family_(家_/_族)
159,歌,亅口欠,song,Human_activities,Culture
160,箇,十口囗竹,counter for articles,Numbers_(数),Counters_(個)
161,稼,宀禾豕,"work, earn",Human_activities,Money_(銭)_and_Commerce_(商)
162,課,木田言,section,,
163,蚊,文虫,mosquito,Nature,Animals_(獣)
164,牙,牙,"fang, tusk",Nature,Animals_(獣)
165,瓦,瓦,tile,Artificial_Structures_and_Products,Miscellaneous_Manufactured_Items
166,我,亅戈手,"self, ego",People_(人),General
167,画,凵田,picture,Human_activities,Culture
168,芽,牙艹,bud,Nature,Plants_(植)_and_Trees_(樹)
169,賀,力口貝,congratulations,,
170,雅,牙隹,gracious,,
171,餓,亅戈手食,starve,,
172,介,八个,jammed in,,
173,回,口囗,number of times,Time_(時),
174,灰,厂火,ash,Nature,Natural_Substances
175,会,二厶个,association,,
176,快,二人大忄,pleasure,Emotions_and_Senses_(感),Emotions_(情)
177,戒,廾戈,commandment,,
178,改,己攴,reformation,,
179,怪,又土忄,suspicious,,
180,拐,刀口扌,kidnap,,
181,悔,毋忄,remorse,Emotions_and_Senses_(感),Emotions_(情)
182,海,毋氵,sea,Nature,Land_(陸)_and_Topography
183,界,儿田个,world,,
184,皆,比白,all,,
185,械,廾戈木,contraption,Artificial_Structures_and_Products,Vehicles_(車)_and_Machines_(機)
186,絵,二厶糸个,"picture, painting",Human_activities,Culture
187,開,廾門,open,,
188,階,比白阝,floor of a building,,
189,塊,儿匕厶土田鬼,clod,,
190,楷,木比白,square character style,,
191,解,刀牛角,untie,,
192,潰,十口貝氵,crush,,
193,壊,十土网衣,demolition,,
194,懐,十网衣忄,yearning,Emotions_and_Senses_(感),Emotions_(情)
195,諧,比白言,harmony,Human_activities,Culture
196,貝,八目,cowry (ancient Chinese currency),Human_activities,Money_(銭)_and_Commerce_(商)
197,外,卜夕,outside,Directions_(方)_and_Spatial_Relationships,
198,劾,亠人力,censure,,
199,害,亠口土宀,harm,,
200,崖,厂土山,cliff,Nature,Land_(陸)_and_Topography
201,涯,厂土氵,horizon,,
202,街,土彳行,city district,Artificial_Structures_and_Products,Cities_(市)
203,慨,牙艮忄,rue,,
204,蓋,厶土皿艹,lid,Artificial_Structures_and_Products,Miscellaneous_Manufactured_Items
205,該,亠人言,above-stated,,
206,概,木牙艮,outline,,
207,骸,亠人冂冖月骨,corpse,Body_(身),Health_(体)
208,垣,土日,hedge,,
209,柿,｜亠冂巾木,persimmon,Nature,Plants_(植)_and_Trees_(樹)
210,各,口夂攴,each,Numbers_(数),Counting_(計)_&_Sequence_(序)
211,角,｜勹月,horn,Nature,Animals_(獣)
212,拡,厶广扌,broaden,,
213,革,十口廾,leather,Artificial_Structures_and_Products,Clothing_(服)_and_Textiles_(布)
214,格,口夂木,status,,
215,核,亠人木,nucleus,,
216,殻,冖几士殳,husk,,
217,郭,亅亠口子阝,enclosure,,
218,覚,冖見尚,memorize,,
219,較,亠父車,contrast,,
220,隔,儿冂口鬲阝,isolate,,
221,閣,口夂門,tall,,
222,確,口宀石隹,certain,,
223,獲,又隹犭艹,seize,,
224,嚇,口土赤,menacing,,
225,穫,又禾隹艹,harvest,,
226,学,冖子尚,"study, school",Human_activities,Culture
227,岳,山斤,mountain or peak,Nature,Land_(陸)_and_Topography
228,楽,冫木白,music,Human_activities,Culture
229,額,口夂宀貝頁,forehead,Body_(身),Head_(頭)_and_Neck_(首)
230,顎,二勹口貝頁,jaw,Body_(身),Head_(頭)_and_Neck_(首)
231,掛,卜土扌,hang,,
232,潟,勹臼氵灬,lagoon,Nature,Land_(陸)_and_Topography
233,括,丿十口舌扌,fasten,,
234,活,丿十口舌氵,active,,
235,喝,勹匕口日,hoarse,,
236,渇,勹匕日氵,thirst,,
237,割,亠口土宀刂,divide,,
238,葛,勹匕日艹,vine,Nature,Plants_(植)_and_Trees_(樹)
239,滑,冂冖月骨氵,slippery,,
240,褐,勹匕日衤,brown,Physical_Attributes_and_Properties,Colours_(色)
241,轄,亠口土宀車,control,,
242,且,目,moreover,,
243,株,木牛,stocks,,
244,釜,丶丿干父玉金丷,kettle,Artificial_Structures_and_Products,Miscellaneous_Manufactured_Items
245,鎌,丶丿八彐玉金丷,sickle,Artificial_Structures_and_Products,Miscellaneous_Manufactured_Items
246,刈,刂,reap,,
247,干,十,dry,Physical_Attributes_and_Properties,Miscellaneous_properties
248,刊,干刂,publish,Human_activities,Language_(語)_and_Communication
249,甘,甘,sweet,Emotions_and_Senses_(感),Senses
250,汗,干氵,sweat,Body_(身),Bodily_Functions
251,缶,凵山,tin can,Artificial_Structures_and_Products,Miscellaneous_Manufactured_Items
252,完,二儿宀元,perfect,,
253,肝,干月,liver,Body_(身),Torso_and_organs
254,官,口宀,government official,,
255,冠,儿冖寸,crown,,
256,巻,二大己丷,scroll,,
257,看,丿二手目,watch over,,
258,陥,｜勹日阝,collapse,,
259,乾,乙十日,dry,Physical_Attributes_and_Properties,Miscellaneous_properties
260,勘,儿力匚甘,intuition,,
261,患,｜口心,sick,Body_(身),Health_(体)
262,貫,毋貝,pierce,,
263,寒,丶八宀井,cold,Physical_Attributes_and_Properties,Miscellaneous_properties
264,喚,儿冂勹口大,yell,,
265,堪,儿匚土甘,withstand,,
266,換,儿冂勹大扌,interchange,,
267,敢,攴耳,daring,,
268,棺,口宀木,coffin,Artificial_Structures_and_Products,Miscellaneous_Manufactured_Items
269,款,士欠示,goodwill,,
270,間,日門,interval of time,Time_(時),
271,閑,木門,leisure,,
272,勧,丿力矢隹,persuade,,
273,寛,宀見艹,tolerant,,
274,幹,十干日个,tree trunk,Nature,Plants_(植)_and_Trees_(樹)
275,感,丿口心戈,feeling,,
276,漢,口大氵艹,honorable man or Han person,People_(人),Roles_and_status
277,慣,毋貝忄,accustomed,,
278,管,口宀竹,pipe,Artificial_Structures_and_Products,Miscellaneous_Manufactured_Items
279,関,二人八大門丷,related,,
280,歓,欠矢隹,"delight, joy",Emotions_and_Senses_(感),Emotions_(情)
281,監,二皿臣,oversee,,
282,緩,夂爪糸,slacken,,
283,憾,丿口心戈忄,regret,Emotions_and_Senses_(感),Emotions_(情)
284,還,口网衣辶,send back,,
285,館,口宀食,public building,,
286,環,口玉网衣,"ring, surround",Physical_Attributes_and_Properties,Form_and_Shape_(形)
287,簡,日竹門,simplicity,,
288,観,矢見隹,observe,,
289,韓,十口日韋,Korea,,
290,艦,二皿臣舟,warship,,
291,鑑,二皿臣金,specimen,,
292,丸,丶九,circular,Physical_Attributes_and_Properties,Form_and_Shape_(形)
293,含,口个,include,,
294,岸,厂山干,shore,Nature,Land_(陸)_and_Topography
295,岩,口山石,boulder or rock,Nature,Land_(陸)_and_Topography
296,玩,二儿玉元,trifle with,,
297,眼,目艮,eyeball,Body_(身),Head_(頭)_and_Neck_(首)
298,頑,二儿貝頁元,stubborn,,
299,顔,亠八厂彡立貝頁,face,Body_(身),Head_(頭)_and_Neck_(首)
300,願,厂小白貝頁,request,,
301,企,止个,plan,,
302,伎,十又支亻,deed,,
303,危,勹厂,dangerous,,
304,机,几木,desk,Artificial_Structures_and_Products,Miscellaneous_Manufactured_Items
305,気,丶丿气,mood,Emotions_and_Senses_(感),Emotions_(情)
306,岐,十又山支,branch off,,
307,希,丿巾,hope,,
308,忌,己心,mourning,,
309,汽,气氵,steam or vapour,Nature,Natural_Substances
310,奇,亅口大,strange,,
311,祈,斤礻,pray,Human_activities,Religion_(宗)_and_the_Supernatural_World
312,季,子禾,seasons,,
313,紀,己糸,era,Time_(時),
314,軌,車九,rut,,
315,既,牙艮,previously,,
316,記,己言,written record,Human_activities,Language_(語)_and_Communication
317,起,土己走,wake up,,
318,飢,几食,hungry,,
319,鬼,儿匕厶田,evil spirit or oni,Human_activities,Religion_(宗)_and_the_Supernatural_World
320,帰,冖巾彐刂,to return,Directions_(方)_and_Spatial_Relationships,Movement
321,基,八土甘,foundation,,
322,寄,亅口大宀,approach,,
323,規,土大見,rule,,
324,亀,乙勹田龜,turtle,Nature,Animals_(獣)
325,喜,口士豆丷,"delight, joy",Emotions_and_Senses_(感),Emotions_(情)
326,幾,丿幺戈,how many,,
327,揮,冖車扌,brandish,,
328,期,八月甘,time period,Time_(時),
329,棋,八木甘,chess piece,,
330,貴,｜口貝,precious,,
331,棄,亠凵厶木,abandon,,
332,毀,土殳臼,destroy,,
333,旗,八方甘,national flag,,
334,器,口大,vessel,Artificial_Structures_and_Products,Miscellaneous_Manufactured_Items
335,畿,幺戈田,capital,Artificial_Structures_and_Products,Cities_(市)
336,輝,儿冖車尚,radiance,,
337,機,丶丿幺戈木,machine,,
338,騎,亅口大馬,equestrian,,
339,技,十又支扌,skill,,
340,宜,宀目,best regards,,
341,偽,丶亻灬,falsehood,,
342,欺,八欠甘,deceit,,
343,義,亅戈手玉羊丷,righteousness,,
344,疑,匕疋矢マ,doubt or suspicion,Emotions_and_Senses_(感),Emotions_(情)
345,儀,亅戈手玉羊亻丷,ceremony,,
346,戯,匕卜厂戈虍,frolic,,
347,擬,匕疋矢マ扌,mimic,,
348,犠,亅戈手牛玉羊丷,sacrifice,Human_activities,Religion_(宗)_and_the_Supernatural_World
349,議,亅戈手玉羊言丷,deliberation,,
350,菊,勹米艹,chrysanthemum,Nature,Plants_(植)_and_Trees_(樹)
351,吉,口士,good luck,,
352,喫,亠刀口土大,consume,,
353,詰,口士言,packed,,
354,却,卩厶土,instead,,
355,客,口夂宀,"guest, customer",People_(人),Roles_and_status
356,脚,卩厶土月,leg,Body_(身),Limbs_(肢)
357,逆,屮丷辶,inverted,,
358,虐,匕匚卜厂虍,tyrannize,,
359,九,九,9,Numbers_(数),
360,久,丿入,long ago,Time_(時),
361,及,丶乃,reach out,,
362,弓,弓,"bow (archery, violin)",,
363,丘,斤,hill,Nature,Land_(陸)_and_Topography
364,旧,｜日,former,Time_(時),
365,休,木亻,rest,Body_(身),Health_(体)
366,吸,丿口及,suck,,
367,朽,勹木,decay,,
368,臼,臼,millstone or mortar,Artificial_Structures_and_Products,Miscellaneous_Manufactured_Items
369,求,丶水,request,,
370,究,儿宀穴九,"study, research",Human_activities,Culture
371,泣,立氵,cry,,
372,急,勹彐心,hurry,,
373,級,丿糸及,rank,,
374,糾,｜十糸,twist,,
375,宮,口宀,shrine,Human_activities,Religion_(宗)_and_the_Supernatural_World
376,救,丶攴水,salvation,,
377,球,丶水玉,sphere,Physical_Attributes_and_Properties,Form_and_Shape_(形)
378,給,口糸个,salary,Human_activities,Money_(銭)_and_Commerce_(商)
379,嗅,口大自,smell,,
380,窮,儿宀弓穴身,hard up,,
381,牛,牛,cow,Nature,Animals_(獣)
382,去,厶土,leave,,
383,巨,匚,huge,Physical_Attributes_and_Properties,Form_and_Shape_(形)
384,居,十口尸,reside,,
385,拒,匚扌巨,repel,,
386,拠,几夂扌,foothold,,
387,挙,八手尚,raise,,
388,虚,匕卜厂虍,void,,
389,許,丿十干言,permit,,
390,距,匚口足巨,long-distance,,
391,魚,田灬,fish,,
392,御,丿卩彳止,honorable,,
393,漁,田魚氵灬,fishing,,
394,凶,丶丿凵,villain,,
395,共,八,together,,
396,叫,｜十口,shout,,
397,狂,玉犭,lunatic,,
398,京,亠口小,capital city,Artificial_Structures_and_Products,Cities_(市)
399,享,亠口子,receive,,
400,供,｜二八亻,offer,,
401,協,力十,cooperation,,
402,況,儿口氵,condition,,
403,峡,二亠人大山丷,gorge,Nature,Land_(陸)_and_Topography
404,挟,丶二亠人大丷扌,pinch,,
405,狭,丶二亠人大丷犭,narrow,Physical_Attributes_and_Properties,Form_and_Shape_(形)
406,恐,丶几工心,fear,Emotions_and_Senses_(感),Emotions_(情)
407,恭,八心井,respect,Emotions_and_Senses_(感),Emotions_(情)
408,胸,丶丿凵勹月,chest,Body_(身),Torso_and_organs
409,脅,力月,threaten,,
410,強,厶弓虫,strong,Physical_Attributes_and_Properties,Miscellaneous_properties
411,教,子攴老,doctrine or teaching,Human_activities,Religion_(宗)_and_the_Supernatural_World
412,郷,幺艮阝,home town,,
413,境,儿土日立音,boundary,Physical_Attributes_and_Properties,Form_and_Shape_(形)
414,橋,丿冂口木,bridge,,
415,矯,丿冂口大矢,rectify,,
416,鏡,儿日立金音,mirror,Artificial_Structures_and_Products,Miscellaneous_Manufactured_Items
417,競,儿口立,compete,,
418,響,幺日立艮音阝,echo,,
419,驚,勹口夂攴馬艹,surprise,Emotions_and_Senses_(感),Emotions_(情)
420,仰,卩亻,face-up,,
421,暁,儿十廾日,sunrise,Time_(時),Divisions_of_the_Day
422,業,｜木玉羊耒丷,"business, industry",Human_activities,Money_(銭)_and_Commerce_(商)
423,凝,冫匕疋矢マ,congeal,,
424,曲,｜日,musical composition,Human_activities,Culture
425,局,口尸,office,,
426,極,又口木,poles,,
427,玉,丶,jewel,Nature,Natural_Substances
428,巾,｜冂,towel,Artificial_Structures_and_Products,Clothing_(服)_and_Textiles_(布)
429,斤,斤,axe,Artificial_Structures_and_Products,Miscellaneous_Manufactured_Items
430,均,二冫勹土,level,,
431,近,斤辶,recent,Time_(時),
432,金,金,gold,Human_activities,Money_(銭)_and_Commerce_(商)
433,菌,囗禾艹,germ,,
434,勤,力口土艹,diligence,,
435,琴,玉个,"cithare, harp",Human_activities,Culture
436,筋,力月竹,muscles,Body_(身),General_2
437,僅,口土亻艹,a wee bit,,
438,禁,木示,prohibition,,
439,緊,又糸臣,tense,,
440,錦,巾白金,brocade,Artificial_Structures_and_Products,Clothing_(服)_and_Textiles_(布)
441,謹,口土言艹,discreet,,
442,襟,木示衤,collar,Artificial_Structures_and_Products,Clothing_(服)_and_Textiles_(布)
443,吟,口个,recite,Human_activities,Language_(語)_and_Communication
444,銀,艮金,silver,Nature,Natural_Substances
445,区,丶丿匚,ward,Artificial_Structures_and_Products,Cities_(市)
446,句,勹口,phrase,Human_activities,Language_(語)_and_Communication
447,苦,十口艹,suffer,,
448,駆,丶丿匚馬,drive,,
449,具,八目,tool,Artificial_Structures_and_Products,Miscellaneous_Manufactured_Items
450,惧,八目忄,dread,Emotions_and_Senses_(感),Emotions_(情)
451,愚,冂厶心田禸,foolish,,
452,空,儿宀工穴,"void, sky",Nature,Sky
453,偶,冂厶田禸亻,accidentally,,
454,遇,冂厶田禸辶,interview,,
455,隅,冂厶日田禸阝,corner,Physical_Attributes_and_Properties,Form_and_Shape_(形)
456,串,｜口,skewer,Artificial_Structures_and_Products,Miscellaneous_Manufactured_Items
457,屈,｜尸山,yield,,
458,掘,｜尸山扌,dig,,
459,窟,｜儿宀尸山穴,cave,Nature,Land_(陸)_and_Topography
460,熊,匕厶月灬,bear,Nature,Animals_(獣)
461,繰,口木糸品,winding,,
462,君,丿口日,you,People_(人),General
463,訓,巛言,instruction,,
464,勲,｜丿力日田灬,meritorious deed,,
465,薫,｜丿日艹灬,fragrant,,
466,軍,冖車,army,,
467,郡,口阝,county,,
468,群,口玉羊丷,"flock, crowd",People_(人),Groups_(団)
469,兄,儿口,older brother,People_(人),Family_(家_/_族)
470,刑,丿廾刂,punish,,
471,形,丿廾彡,shape,,
472,系,丿糸,lineage,,
473,径,又土彳,diameter,,
474,茎,又土艹,stem,Nature,Plants_(植)_and_Trees_(樹)
475,係,丿糸亻,person in charge,People_(人),Roles_and_status
476,型,丿土廾刂,model,,
477,契,亠刀土大,pledge,,
478,計,十言,measure,,
479,恵,心田,favor,,
480,啓,口戸攴,disclose,,
481,掲,勹匕日扌,put up (a notice),,
482,渓,人土爪氵,ravine,Nature,Land_(陸)_and_Topography
483,経,又土糸,manage,,
484,蛍,冖虫尚,firefly,Nature,Animals_(獣)
485,敬,勹口攴艹,respect,Emotions_and_Senses_(感),Emotions_(情)
486,景,亠口小日,scenery,,
487,軽,又土車,light (weight),Physical_Attributes_and_Properties,Miscellaneous_properties
488,傾,匕貝頁亻,lean,,
489,携,丿隹乃扌,portable,,
490,継,｜米糸,inherit,,
491,詣,匕日言,temple visit,Human_activities,Religion_(宗)_and_the_Supernatural_World
492,慶,冖夂广心,jubilation,Emotions_and_Senses_(感),Emotions_(情)
493,憬,亠口小日忄,yearning,Emotions_and_Senses_(感),Emotions_(情)
494,稽,匕日禾尤,consider,,
495,憩,口心自舌,recess,,
496,警,勹口夂攴言艹,guard against,,
497,鶏,人土大爪鳥,chicken,Nature,Animals_(獣)
498,芸,二厶艹,art,Human_activities,Culture
499,迎,卩辶,welcome,,
500,鯨,亠口小田魚灬,whale,Nature,Animals_(獣)
501,隙,小日阝,fissure,,
502,劇,匕卜厂虍豕刂,"drama, play",Human_activities,Culture
503,撃,手殳車,"beat, attack",Human_activities,War_(戦)
504,激,攴方白氵,violent excitement,Emotions_and_Senses_(感),Emotions_(情)
505,桁,彳木行,digit,Numbers_(数),Counting_(計)_&_Sequence_(序)
506,欠,人勹,lack,,
507,穴,八宀,hole,,
508,血,皿,blood,Body_(身),General_2
509,決,二人大氵,decide,,
510,結,口士糸,tie,,
511,傑,夕木舛亻,great man,People_(人),Roles_and_status
512,潔,亠刀土糸氵,undefiled,,
513,月,月,moon,Nature,Sky
514,犬,丶大,dog,Nature,Animals_(獣)
515,件,牛亻,affair,,
516,見,儿目,see,,
517,券,二人刀大大丷,ticket,,
518,肩,戸月,shoulder,Body_(身),Limbs_(肢)
519,建,廴聿,build,,
520,研,｜丿亅口廾石,"study, research",Human_activities,Culture
521,県,小目,prefecture,,
522,倹,人口个亻,frugal,,
523,兼,｜八彐丷,concurrently,,
524,剣,人口个刂,sabre,,
525,拳,大手丷,fist,Body_(身),Limbs_(肢)
526,軒,干車,counter for houses,Numbers_(数),Counters_(個)
527,健,廴聿亻,healthy,,
528,険,人口个阝,precipitous,,
529,圏,二人囗大大己丷,sphere,Physical_Attributes_and_Properties,Form_and_Shape_(形)
530,堅,又土臣,strict,,
531,検,人口木个,examine,,
532,嫌,｜八女彐丷,dislike,Emotions_and_Senses_(感),Emotions_(情)
533,献,冂十干犬丷,offering,,
534,絹,口月糸,silk,Artificial_Structures_and_Products,Clothing_(服)_and_Textiles_(布)
535,遣,｜口辶,dispatch,,
536,権,木矢隹,rights,,
537,憲,亠土宀心网,constitution,,
538,賢,又臣貝,intelligent,,
539,謙,｜八彐言丷,self-effacing,,
540,鍵,廴聿金,key,Artificial_Structures_and_Products,Miscellaneous_Manufactured_Items
541,繭,冂糸虫風艹,cocoon,,
542,顕,日貝頁,appear,,
543,験,人口馬个,test,,
544,懸,丿小心目糸,suspend,,
545,元,二儿,origin,,
546,幻,幺,phantom,Human_activities,Religion_(宗)_and_the_Supernatural_World
547,玄,亠幺,mysterious,,
548,言,言,say,Human_activities,Language_(語)_and_Communication
549,弦,亠幺弓玄,string,Artificial_Structures_and_Products,Miscellaneous_Manufactured_Items
550,限,艮阝,limit,,
551,原,厂小白,field,Nature,Land_(陸)_and_Topography
552,現,玉見,appear,,
553,舷,亠幺玄舟,sides of a boat,Artificial_Structures_and_Products,Vehicles_(車)_and_Machines_(機)
554,減,亅口戈氵,"to decrease, to subtract",Numbers_(数),Calculations_(算)
555,源,厂小白氵,origin,,
556,厳,厂攴耳尚,strict,,
557,己,己,oneself,People_(人),General
558,戸,戸,counter for houses,Numbers_(数),Counters_(個)
559,古,十口,old,Time_(時),
560,呼,丿亅口丷,call,,
561,固,十口囗,firm or solid,Physical_Attributes_and_Properties,Miscellaneous_properties
562,股,月殳,thighs,Body_(身),Limbs_(肢)
563,虎,儿匕卜厂虍,tiger,Nature,Animals_(獣)
564,孤,子瓜,orphan,,
565,弧,弓瓜,arc,Physical_Attributes_and_Properties,Form_and_Shape_(形)
566,故,十口攴,circumstances,,
567,枯,十口木,wither,,
568,個,十口囗亻,individual,,
569,庫,广車,warehouse,,
570,湖,十口月氵,lake,Nature,Land_(陸)_and_Topography
571,雇,戸隹,employ,,
572,誇,二勹大言,boast,,
573,鼓,十又口士支豆丷,drum,Human_activities,Culture
574,錮,十口囗金,tie up,,
575,顧,戸貝隹頁,look back,,
576,五,二,5,Numbers_(数),
577,互,彐彑,mutually,,
578,午,丿十干,noon,Time_(時),Divisions_of_the_Day
579,呉,八口,give,,
580,後,夂幺彳,after,Time_(時),
581,娯,八口女,fun,Emotions_and_Senses_(感),Emotions_(情)
582,悟,口忄,enlightenment,,
583,碁,｜二八口石,Go,,
584,語,口言,language,,
585,誤,八口言,mistake,,
586,護,又言隹艹,safeguard,,
587,口,囗,mouth,Body_(身),Head_(頭)_and_Neck_(首)
588,工,工,manufacture,Human_activities,Money_(銭)_and_Commerce_(商)
589,公,八厶,public,,
590,勾,勹厶,capture,,
591,孔,乙子,cavity,,
592,功,力工,achievement,,
593,巧,勹工,adroit,,
594,広,厶广,wide,Physical_Attributes_and_Properties,Form_and_Shape_(形)
595,甲,｜日田,armor,,
596,交,亠父,mix,,
597,光,儿尚,light,Nature,Weather
598,向,冂口,toward,Directions_(方)_and_Spatial_Relationships,
599,后,丿亅厂口斤,empress,People_(人),Roles_and_status
600,好,女子,like,Emotions_and_Senses_(感),Emotions_(情)
601,江,工氵,creek,Nature,Land_(陸)_and_Topography
602,考,老,to think,Emotions_and_Senses_(感),Judgment_(評)
603,行,彳,to go or to perform,Directions_(方)_and_Spatial_Relationships,Movement
604,坑,亠几土,pit,,
605,孝,子老,filial piety,,
606,抗,亠几扌,confront,,
607,攻,工攴,attack,Human_activities,War_(戦)
608,更,丿日,grow late,,
609,効,亠力父,effect,,
610,幸,亠十立辛,happy,Emotions_and_Senses_(感),Emotions_(情)
611,拘,勹口扌,arrest,,
612,肯,月止,agreement,,
613,侯,矢亻,"lord, marquis",People_(人),Roles_and_status
614,厚,厂子日,thick,Physical_Attributes_and_Properties,Miscellaneous_properties
615,恒,日忄,constancy,,
616,洪,｜二八氵,flood,Nature,Weather
617,皇,玉白,emperor or sovereign,People_(人),Roles_and_status
618,紅,工糸,crimson,Physical_Attributes_and_Properties,Colours_(色)
619,荒,巛艹亡,laid waste,,
620,郊,亠父阝,outskirts,,
621,香,日禾,pleasant smell,Emotions_and_Senses_(感),Senses
622,候,｜矢亻,climate,Nature,Weather
623,校,亠木父,school,Human_activities,Culture
624,耕,｜亅八土木耒井,till,,
625,航,亠几舟,cruise,,
626,貢,工貝,tribute,,
627,降,十夂阝,descend,,
628,高,亠冂口,expensive,Human_activities,Money_(銭)_and_Commerce_(商)
629,康,广彐水隶,health,,
630,控,儿宀工穴扌,withdraw,,
631,梗,丿日木,close up,,
632,黄,八田,yellow,Physical_Attributes_and_Properties,Colours_(色)
633,喉,口矢亻,throat,Body_(身),Head_(頭)_and_Neck_(首)
634,慌,亠巛忄艹,disconcerting,Emotions_and_Senses_(感),Emotions_(情)
635,港,八己氵井,harbor,,
636,硬,丿口日石,hard,Physical_Attributes_and_Properties,Miscellaneous_properties
637,絞,亠父糸,strangle,,
638,項,工貝頁,paragraph,,
639,溝,冂十氵,gutter,,
640,鉱,厶广金,ore,Nature,Natural_Substances
641,構,冂十木,construct,,
642,綱,冂山糸丷岡,rope,Artificial_Structures_and_Products,Miscellaneous_Manufactured_Items
643,酵,子老酉,fermentation,,
644,稿,亠冂口禾高,draft,,
645,興,八冂口臼,entertain,,
646,衡,勹大彳田行,equilibrium,,
647,鋼,冂山金丷岡,steel,Nature,Natural_Substances
648,講,冂十言,lecture,Human_activities,Language_(語)_and_Communication
649,購,｜冂十貝,purchase,Human_activities,Money_(銭)_and_Commerce_(商)
650,乞,丿乙,beg,,
651,号,勹口,number,,
652,合,口个,fit,,
653,拷,老扌,torture,,
654,剛,冂山丷刂岡,sturdy,,
655,傲,土攴方亻,pride,Emotions_and_Senses_(感),Emotions_(情)
656,豪,亠冖口豕,overpowering,,
657,克,儿十口,overcome,,
658,告,丿口土,tell,Human_activities,Language_(語)_and_Communication
659,谷,八口个,valley,Nature,Land_(陸)_and_Topography
660,刻,亠刂,engrave,,
661,国,丶囗玉,country,People_(人),Groups_(団)
662,黒,里灬,black,Physical_Attributes_and_Properties,Colours_(色)
663,穀,冖士殳禾,cereal,Food_(食)_and_Drink_(飲),
664,酷,丿口土酉,cruel,,
665,獄,犬言犭,prison,,
666,骨,冂冖月,bone,Body_(身),General_2
667,駒,勹口馬,horse,,
668,込,入辶,crowded,,
669,頃,匕貝頁,"time, about",Time_(時),
670,今,个,now,Time_(時),
671,困,囗木,become distressed,,
672,昆,日比,descendants,People_(人),Family_(家_/_族)
673,恨,艮忄,resentment,Emotions_and_Senses_(感),Emotions_(情)
674,根,木艮,root,Nature,Plants_(植)_and_Trees_(樹)
675,婚,女日氏,marry,People_(人),Family_(家_/_族)
676,混,日比氵,mix,,
677,痕,疒艮,scar,Body_(身),Health_(体)
678,紺,甘糸,dark blue,Physical_Attributes_and_Properties,Colours_(色)
679,魂,二儿匕厶田鬼,soul,Human_activities,Religion_(宗)_and_the_Supernatural_World
680,墾,土爪艮豸犭,ground-breaking,,
681,懇,心爪艮豸犭,sociable,,
682,左,丿工,left,Directions_(方)_and_Spatial_Relationships,
683,佐,丿工亻,help,,
684,沙,丿小氵,sand,Nature,Natural_Substances
685,査,木目,investigate,,
686,砂,丿口小石,sand,Nature,Natural_Substances
687,唆,儿厶口夂,tempt,,
688,差,丿工玉羊丷,distinction,,
689,詐,｜丿言,lie,,
690,鎖,貝金尚,chain,Artificial_Structures_and_Products,Miscellaneous_Manufactured_Items
691,座,｜入土广,sit,Body_(身),Actions
692,挫,｜入土扌,sprain,,
693,才,丿亅,genius,,
694,再,｜冂玉,again,,
695,災,巛火,natural disaster,Nature,Weather
696,妻,｜女彐,wife,People_(人),Roles_and_status
697,采,木爪,form,,
698,砕,丿十口石九,smash,,
699,宰,十宀立辛,superintend,,
700,栽,土戈木,the cultivation of plants,Nature,Plants_(植)_and_Trees_(樹)
701,彩,彡木爪,brightly coloured,Physical_Attributes_and_Properties,Colours_(色)
702,採,木爪扌,pick,,
703,済,｜丿廾文齊氵,settle,,
704,祭,癶示个,festival,Human_activities,Culture
705,斎,｜丿廾文示齊,purification,,
706,細,田糸,slender,Physical_Attributes_and_Properties,Miscellaneous_properties
707,菜,木爪艹,vegetable,Food_(食)_and_Drink_(飲),
708,最,又日耳,most,,
709,裁,亠厶土戈衣,judge,,
710,債,亠土貝亻,bond or debt,Human_activities,Money_(銭)_and_Commerce_(商)
711,催,山隹亻,sponsor,,
712,塞,八土宀,obstruct,,
713,歳,丿小戈止,year-end,,
714,載,土戈車,ride,,
715,際,丿癶示阝,"moment, occasion",Time_(時),
716,埼,｜口土大,cape or promontory,Nature,Land_(陸)_and_Topography
717,在,｜丿土,exist,,
718,材,丿亅木,timber or material,Nature,Natural_Substances
719,剤,｜丿廾文齊刂,medicine,Body_(身),Health_(体)
720,財,丿亅貝,wealth,Human_activities,Money_(銭)_and_Commerce_(商)
721,罪,网非,sin or taboo,Human_activities,Religion_(宗)_and_the_Supernatural_World
722,崎,｜口大山,cape or promontory,Nature,Land_(陸)_and_Topography
723,作,｜丿亻,make,,
724,削,月刂尚,plane,,
725,昨,｜丿日,previous time,Time_(時),
726,柵,｜亅冂木冊,fence,,
727,索,冖十糸,cord,Artificial_Structures_and_Products,Miscellaneous_Manufactured_Items
728,策,｜亅八冂巾木竹,scheme,,
729,酢,｜丿酉,vinegar,Food_(食)_and_Drink_(飲),
730,搾,｜丿儿宀穴扌,squeeze,,
731,錯,｜日金,confused,,
732,咲,二人口大丷,blossom,,
733,冊,｜亅冂廾,counter for books,Numbers_(数),Counters_(個)
734,札,乙木,banknote,Human_activities,Money_(銭)_and_Commerce_(商)
735,刷,尸巾刂,printing,,
736,刹,木刂,temple,Human_activities,Religion_(宗)_and_the_Supernatural_World
737,拶,夕巛扌,be imminent,,
738,殺,丶丿木殳,kill,Human_activities,War_(戦)
739,察,丿宀癶示,guess,,
740,撮,又日耳扌,snapshot,,
741,擦,丿宀癶示扌,grate,,
742,雑,木隹九,miscellaneous,,
743,皿,皿,dish or plate,Artificial_Structures_and_Products,Miscellaneous_Manufactured_Items
744,三,二,3,Numbers_(数),
745,山,山,mountain or peak,Nature,Land_(陸)_and_Topography
746,参,厶彡,participate,,
747,桟,丶丿木毛,scaffold,,
748,蚕,大虫,silkworm,Nature,Animals_(獣)
749,惨,厶彡忄,wretched,,
750,産,丿亠厂生立丷,product,Human_activities,Money_(銭)_and_Commerce_(商)
751,傘,人十个,umbrella,Artificial_Structures_and_Products,Miscellaneous_Manufactured_Items
752,散,｜攴月,scatter,,
753,算,廾目竹,calculate,,
754,酸,儿厶夂酉,sour,Emotions_and_Senses_(感),Senses
755,賛,二亠人大貝,approve,,
756,残,丶丿歹毛,remainder,,
757,斬,斤車,cut with a sword,Human_activities,War_(戦)
758,暫,斤日車,a while,Time_(時),
759,士,士,man or gentleman,People_(人),Roles_and_status
760,子,子,child,People_(人),General
761,支,十又,branch,,
762,止,止,stop,Body_(身),Actions
763,氏,氏,courtesy title,People_(人),Roles_and_status
764,仕,士亻,do,,
765,史,丿口,history,,
766,司,亅口,director,,
767,四,儿囗,4,Numbers_(数),
768,市,亠巾,market,,
769,矢,丿大,arrow,,
770,旨,匕日,delicious,,
771,死,匕夕歹,death,Body_(身),Health_(体)
772,糸,小幺,thread,Artificial_Structures_and_Products,Clothing_(服)_and_Textiles_(布)
773,至,厶土,climax,,
774,伺,亅口亻,pay respects,,
775,志,士心,intention,,
776,私,厶禾,I or me,People_(人),General
777,使,丿口亻,messenger,People_(人),Roles_and_status
778,刺,｜亅八冂巾木刂,thorn,,
779,始,厶口女,begin,Time_(時),
780,姉,亠女巾,older sister,People_(人),Family_(家_/_族)
781,枝,十又支木,branch,Nature,Plants_(植)_and_Trees_(樹)
782,祉,止礻,welfare,,
783,肢,十又支月,limb,,
784,姿,冫女欠,figure,Physical_Attributes_and_Properties,Form_and_Shape_(形)
785,思,心田,to think,Emotions_and_Senses_(感),Judgment_(評)
786,指,匕日扌,finger,Body_(身),Limbs_(肢)
787,施,丿方也,carry out,,
788,師,｜口巾,expert,People_(人),Roles_and_status
789,恣,冫心欠,selfish,,
790,紙,氏糸,paper,Artificial_Structures_and_Products,Miscellaneous_Manufactured_Items
791,脂,匕日月,fat or resin,Nature,Natural_Substances
792,視,見礻,look at,,
793,紫,匕止糸,violet,Physical_Attributes_and_Properties,Colours_(色)
794,詞,亅口言,words,Human_activities,Language_(語)_and_Communication
795,歯,凵止米齒,tooth,Body_(身),Head_(頭)_and_Neck_(首)
796,嗣,｜亅冂口,heir,,
797,試,工弋言,test,,
798,詩,土寸言,poetry,Human_activities,Culture
799,資,冫欠貝,capital,Human_activities,Money_(銭)_and_Commerce_(商)
800,飼,亅口艮食个,domesticate,,
801,誌,士心言,"document, journal",Human_activities,Language_(語)_and_Communication
802,雌,匕止隹,feminine,,
803,摯,丶丿十手立辛九,seriousness,,
804,賜,日貝勿,grant,,
805,諮,冫口欠言,consult with,,
806,示,示,indicate,,
807,字,子宀,character,Human_activities,Language_(語)_and_Communication
808,寺,土寸,Buddhist temple,Human_activities,Religion_(宗)_and_the_Supernatural_World
809,次,冫欠,next,Numbers_(数),Counting_(計)_&_Sequence_(序)
810,耳,耳,ear,Body_(身),Head_(頭)_and_Neck_(首)
811,自,自,oneself,People_(人),General
812,似,丶人亻,becoming,,
813,児,｜儿日,child,People_(人),General
814,事,亅口彐,abstract thing,,
815,侍,土寸亻,waiter,,
816,治,厶口氵,cure,Body_(身),Health_(体)
817,持,土寸扌,hold,,
818,時,土寸日,hour,Time_(時),Divisions_of_the_Day
819,滋,幺丷氵,nourishing,,
820,慈,幺心丷,affection or benevolence,Emotions_and_Senses_(感),Emotions_(情)
821,辞,十口立舌辛,word,Human_activities,Language_(語)_and_Communication
822,磁,口幺石丷,porcelain,Artificial_Structures_and_Products,Miscellaneous_Manufactured_Items
823,餌,耳艮食,bait,,
824,璽,｜八冂爻玉,emperor's seal,,
825,鹿,广比,deer,Nature,Animals_(獣)
826,式,工弋,style,,
827,識,戈日立言音,discriminating,,
828,軸,｜日田車,axle,Artificial_Structures_and_Products,Vehicles_(車)_and_Machines_(機)
829,七,丿乙匕,7,Numbers_(数),
830,𠮟,𠮟,scold,,
831,失,丿二人大,lose,,
832,室,厶土宀至,room,,
833,疾,疒矢,disease,Body_(身),Health_(体)
834,執,丶丿亠十土立辛九,tenacious,,
835,湿,｜日氵,damp,Physical_Attributes_and_Properties,Miscellaneous_properties
836,嫉,女疒矢,"envy, jealousy",Emotions_and_Senses_(感),Emotions_(情)
837,漆,木水个氵,lacquer,Artificial_Structures_and_Products,Miscellaneous_Manufactured_Items
838,質,斤貝,quality,,
839,実,士大宀,fruit,Food_(食)_and_Drink_(飲),
840,芝,亠艹,turf,,
841,写,冖勹,copy,,
842,社,土礻,Shinto shrine,Human_activities,Religion_(宗)_and_the_Supernatural_World
843,車,車,car,,
844,舎,口土个,cottage,,
845,者,日老,person (usually with qualifier),People_(人),General
846,射,寸身,shoot at,Human_activities,War_(戦)
847,捨,口土个扌,throw away,,
848,赦,土攴赤,pardon,,
849,斜,斗禾个,diagonal,Physical_Attributes_and_Properties,Form_and_Shape_(形)
850,煮,日老灬,boil,,
851,遮,广辶灬,intercept,,
852,謝,寸言身,apologize,,
853,邪,牙阝,wicked,,
854,蛇,匕宀虫,snake,Nature,Animals_(獣)
855,尺,丶尸,Japanese foot (around 30 cm),Numbers_(数),Units_of_Measurement_(測)
856,借,日亻,borrow,,
857,酌,丶勹酉,to serve alcohol,Food_(食)_and_Drink_(飲),Cooking_(炊)
858,釈,丶尸米釆,explanation,,
859,爵,寸爪网艮,noble rank,People_(人),Roles_and_status
860,若,丿口艹,young,Time_(時),
861,弱,冫弓,weak,Physical_Attributes_and_Properties,Miscellaneous_properties
862,寂,卜又宀小,loneliness,Emotions_and_Senses_(感),Emotions_(情)
863,手,手,hand,Body_(身),Limbs_(肢)
864,主,丶玉,master or husband,People_(人),Roles_and_status
865,守,宀寸,protect,,
866,朱,｜丿二八木牛,vermilion,Physical_Attributes_and_Properties,Colours_(色)
867,取,又耳,take,,
868,狩,宀寸犭,hunt,,
869,首,目自丷,neck,,
870,殊,｜丿二八木歹牛,particularly,,
871,珠,｜丿二八木牛玉,pearl or jewel,Nature,Natural_Substances
872,酒,酉氵,alcoholic drink,Food_(食)_and_Drink_(飲),
873,腫,｜日月里,tumor,,
874,種,｜日禾里,kind,,
875,趣,又土耳走,gist,,
876,寿,丿二寸,longevity,,
877,受,冖又爪,accept,,
878,呪,儿口,curse,,
879,授,冖又爪扌,instruct,,
880,需,而雨,demand,,
881,儒,而雨亻,Confucianism,Human_activities,Culture
882,樹,口土寸木豆丷,trees,,
883,収,｜又,take in,,
884,囚,人囗,captured,,
885,州,｜丶巛,state,,
886,舟,舟,boat,Artificial_Structures_and_Products,Vehicles_(車)_and_Machines_(機)
887,秀,禾乃,excel,,
888,周,冂口土,perimeter,Physical_Attributes_and_Properties,Form_and_Shape_(形)
889,宗,宀示,religion,,
890,拾,口个扌,pick up,,
891,秋,火禾,Autumn,Time_(時),Seasons_(季_/_候)
892,臭,大自,bad smell,Emotions_and_Senses_(感),Senses
893,修,｜彡攴亻,discipline,,
894,袖,｜田衤,sleeve,Artificial_Structures_and_Products,Clothing_(服)_and_Textiles_(布)
895,終,夂糸,end,Time_(時),
896,羞,丿彐玉羊丷,shame,Emotions_and_Senses_(感),Emotions_(情)
897,習,冫白羽,learn,,
898,週,冂口土辶,week,Time_(時),Divisions_of_the_Year
899,就,丶亠口小尢尤,concerning,,
900,衆,皿血,masses,,
901,集,木隹,collect,,
902,愁,心火禾,melancholy,Emotions_and_Senses_(感),Emotions_(情)
903,酬,｜丶巛酉,repay,,
904,醜,儿匕田酉鬼,ugly,,
905,蹴,丶丿乙亠口小尢足尤,kick,,
906,襲,月立衣,raid,Human_activities,War_(戦)
907,十,十,10,Numbers_(数),
908,汁,十氵,"juice, soup",Food_(食)_and_Drink_(飲),
909,充,亠儿厶,allot,,
910,住,丶玉亻,dwelling,,
911,柔,木矛マ,tender,,
912,重,｜丿日里,heavy,Physical_Attributes_and_Properties,Miscellaneous_properties
913,従,彳疋丷,obey,,
914,渋,冫止氵,astringent,,
915,銃,亠儿厶金,gun,,
916,獣,口犬田尚,animal,,
917,縦,彳疋糸丷,vertical,,
918,叔,卜又小,"aunt, uncle",People_(人),Family_(家_/_族)
919,祝,儿口礻,celebrate,,
920,宿,宀白亻,inn,,
921,淑,卜又小氵,graceful,,
922,粛,｜丿彐水米隶,solemn,,
923,縮,宀白糸亻,"to reduce, shrink",Numbers_(数),Calculations_(算)
924,塾,丶亠口土子九,private school,Human_activities,Culture
925,熟,丶亠口子九灬,ripen,,
926,出,｜山,out,Directions_(方)_and_Spatial_Relationships,
927,述,丶十木辶,mention,,
928,術,丶十彳木行,art,,
929,俊,儿厶夂亻,genius,,
930,春,丿二日,Spring,Time_(時),Seasons_(季_/_候)
931,瞬,冖夕爪牛目舛,wink,,
932,旬,勹日,period of 10 days,Time_(時),Divisions_of_the_Year
933,巡,巛辶,patrol,,
934,盾,十厂斤目,shield,,
935,准,冫隹,quasi-,,
936,殉,勹日歹,martyrdom,,
937,純,糸屯,genuine,,
938,循,十厂彳斤目,sequential,,
939,順,巛貝頁,sequence,Numbers_(数),Counting_(計)_&_Sequence_(序)
940,準,十隹氵,standard,,
941,潤,玉門氵,moist,Physical_Attributes_and_Properties,Miscellaneous_properties
942,遵,寸酉丷辶,abide by,,
943,処,几夂攴,dispose,,
944,初,刀衤,first,Numbers_(数),Counting_(計)_&_Sequence_(序)
945,所,戸斤,place,,
946,書,日聿,write,Human_activities,Language_(語)_and_Communication
947,庶,广灬,commoner,,
948,暑,日老,hot,Physical_Attributes_and_Properties,Miscellaneous_properties
949,署,日网老,government office,,
950,緒,日糸老,thong,,
951,諸,日老言,various,,
952,女,女,woman,People_(人),General
953,如,口女,likeness,,
954,助,力目,help,,
955,序,亅子广,preface,,
956,叙,又禾个,confer,,
957,徐,彳禾个,gradually,,
958,除,禾个阝,to divide,Numbers_(数),Calculations_(算)
959,小,小,small,Physical_Attributes_and_Properties,Form_and_Shape_(形)
960,升,丿十廾,(around 1.8 l),Numbers_(数),Units_of_Measurement_(測)
961,少,丿小,few,Numbers_(数),Counting_(計)_&_Sequence_(序)
962,召,刀口,summon,,
963,匠,匚斤,artisan,,
964,床,广木,bed,Artificial_Structures_and_Products,Miscellaneous_Manufactured_Items
965,抄,丿小扌,extract,,
966,肖,月尚,resemblance,,
967,尚,冂口,esteem,,
968,招,刀口扌,beckon,,
969,承,丿亅二手マ,acquiesce,,
970,昇,丿十廾日,rise up,,
971,松,八厶木,pine,Nature,Plants_(植)_and_Trees_(樹)
972,沼,刀口氵,marsh,Nature,Land_(陸)_and_Topography
973,昭,刀口日,shining,,
974,宵,宀月尚,early evening,Time_(時),Divisions_of_the_Day
975,将,寸爪爿,leader,,
976,消,月尚氵,extinguish,,
977,症,止疒,disease,Body_(身),Health_(体)
978,祥,玉羊丷礻,auspicious,,
979,称,丿小禾,appellation,,
980,笑,大禾竹,laughter,Emotions_and_Senses_(感),Emotions_(情)
981,唱,口日,chant,,
982,商,亠儿冂口立丷,trade,Human_activities,Money_(銭)_and_Commerce_(商)
983,渉,丿小止氵,ford,,
984,章,十日立音,chapter,,
985,紹,刀口糸,introduce,,
986,訟,八厶言,sue,,
987,勝,二人力大月丷,win,,
988,掌,冖口手尚,palm,Body_(身),Limbs_(肢)
989,晶,日,crystal,Nature,Natural_Substances
990,焼,儿十火,to bake,Food_(食)_and_Drink_(飲),Cooking_(炊)
991,焦,隹灬,char,,
992,硝,口月石尚,nitrate,,
993,粧,土广米,cosmetics,,
994,詔,刀口言,imperial edict,,
995,証,止言,evidence,,
996,象,勹口豕,elephant,Nature,Animals_(獣)
997,傷,丿日亻勿,wound,Body_(身),Health_(体)
998,奨,大寸爪爿,exhort,,
999,照,刀口日灬,illuminate,,
1000,詳,玉羊言丷,detailed,,
1001,彰,十彡日立音,patent,,
1002,障,十日立音阝,hurt,,
1003,憧,立里忄,"longing, yearning",Emotions_and_Senses_(感),Emotions_(情)
1004,衝,｜彳日行里,collide,,
1005,賞,冖口貝尚,prize,,
1006,償,冖口貝亻尚,recompense,Human_activities,Money_(銭)_and_Commerce_(商)
1007,礁,口石隹灬,reef,Nature,Land_(陸)_and_Topography
1008,鐘,立里金,bell,Artificial_Structures_and_Products,Miscellaneous_Manufactured_Items
1009,上,卜,up,Directions_(方)_and_Spatial_Relationships,
1010,丈,丶丿,length,,
1011,冗,冖几,superfluous,,
1012,条,夂攴木,clause,,
1013,状,爿犬,form,,
1014,乗,｜丿八禾,to ride,Artificial_Structures_and_Products,Vehicles_(車)_and_Machines_(機)
1015,城,丿土戈,castle,,
1016,浄,亅勹彐氵,clean,Physical_Attributes_and_Properties,Miscellaneous_properties
1017,剰,｜丿刂,surplus,,
1018,常,冖口巾尚,normal,,
1019,情,二亠土月青忄,feelings,,
1020,場,土日勿,place,,
1021,畳,冖田,tatami mat,Artificial_Structures_and_Products,Miscellaneous_Manufactured_Items
1022,蒸,丿亅マ艹灬,to steam,Food_(食)_and_Drink_(飲),Cooking_(炊)
1023,縄,乙田糸龜,rope,Artificial_Structures_and_Products,Miscellaneous_Manufactured_Items
1024,壌,亠八土衣,fertile soil,Nature,Land_(陸)_and_Topography
1025,嬢,亠八女衣,young lady,People_(人),General
1026,錠,宀疋金,lock,Artificial_Structures_and_Products,Miscellaneous_Manufactured_Items
1027,譲,亠八衣言,defer,,
1028,醸,亠八衣酉,to brew,Food_(食)_and_Drink_(飲),Cooking_(炊)
1029,色,勹巴,color,,
1030,拭,工弋扌,wipe,,
1031,食,食,eclipse,Nature,Sky
1032,植,十木目,plant,,
1033,殖,十歹目,to increase,Numbers_(数),Calculations_(算)
1034,飾,丿巾食,decorate,,
1035,触,虫角,contact,,
1036,嘱,口尸禸,entrust,,
1037,織,戈日立糸音,to weave,Artificial_Structures_and_Products,Clothing_(服)_and_Textiles_(布)
1038,職,戈日立耳音,employment,Human_activities,Money_(銭)_and_Commerce_(商)
1039,辱,厂寸衣辰,embarrass,,
1040,尻,尸九,buttocks,Body_(身),Limbs_(肢)
1041,心,心,heart,Body_(身),Torso_and_organs
1042,申,｜日田,say,,
1043,伸,｜日田亻,lengthen,,
1044,臣,匚,retainer,,
1045,芯,心艹,core,,
1046,身,身,body,,
1047,辛,十立,pungent,Emotions_and_Senses_(感),Senses
1048,侵,冖又彐亻,encroach,,
1049,信,言亻,message,Human_activities,Language_(語)_and_Communication
1050,津,聿氵,haven,,
1051,神,｜日田礻,god or [kami],Human_activities,Religion_(宗)_and_the_Supernatural_World
1052,唇,厂口衣辰,lips,Body_(身),Head_(頭)_and_Neck_(首)
1053,娠,厂女衣辰,pregnant,Body_(身),Bodily_Functions
1054,振,厂衣辰扌,shake,,
1055,浸,冖又彐氵,immersed,,
1056,真,八十目,true,,
1057,針,十金,needle,Artificial_Structures_and_Products,Miscellaneous_Manufactured_Items
1058,深,儿冖木氵,deep,Physical_Attributes_and_Properties,Miscellaneous_properties
1059,紳,｜日田糸,gentleman,People_(人),Roles_and_status
1060,進,隹辶,advance,,
1061,森,木,forest,Nature,Plants_(植)_and_Trees_(樹)
1062,診,彡言个,checkup,,
1063,寝,冖又宀彐爿,sleep,Body_(身),Bodily_Functions
1064,慎,八十目忄,humility,,
1065,新,亠十斤木立辛丷,new,Time_(時),
1066,審,宀田米釆,examine,,
1067,震,厂衣辰雨,earthquake,Nature,Weather
1068,薪,亠十斤木立辛丷艹,fuel,,
1069,親,亠十木立見辛丷,parent,People_(人),Family_(家_/_族)
1070,人,人,counter for people,Numbers_(数),Counters_(個)
1071,刃,丶刀,blade,,
1072,仁,二亻,humanity,,
1073,尽,丶尸,exhaust,,
1074,迅,十辶,swift,,
1075,甚,儿甘,tremendously,,
1076,陣,車阝,"battle formation, camp",Human_activities,War_(戦)
1077,尋,口寸工彐,inquire,,
1078,腎,又月臣,kidney,Body_(身),Torso_and_organs
1079,須,彡貝頁,by all means,,
1080,図,囗斗,"map, diagram",Human_activities,Language_(語)_and_Communication
1081,水,水,water,Nature,Natural_Substances
1082,吹,口欠,blow,,
1083,垂,｜丿,droop,,
1084,炊,欠火,cook,,
1085,帥,｜口巾,commander,,
1086,粋,十米九,chic,,
1087,衰,亠衣,decline,,
1088,推,隹扌,infer,,
1089,酔,十酉九,drunk,,
1090,遂,豕丷辶,consummate,,
1091,睡,｜丿目,sleep,Body_(身),Bodily_Functions
1092,穂,十心田禾,ear of grain,Food_(食)_and_Drink_(飲),
1093,随,丿月辶阝,follow,,
1094,髄,丿冖月骨辶,marrow,Body_(身),General_2
1095,枢,匚木,hinge or pivot,Artificial_Structures_and_Products,Miscellaneous_Manufactured_Items
1096,崇,宀山示,adoration or reverence,Emotions_and_Senses_(感),Emotions_(情)
1097,数,夂女攴米,number,,
1098,据,十口尸扌,set,,
1099,杉,彡木,cedar,Nature,Plants_(植)_and_Trees_(樹)
1100,裾,十口尸衤,cuff or hem,Artificial_Structures_and_Products,Clothing_(服)_and_Textiles_(布)
1101,寸,寸,1/10 Japanese foot (around 3 cm),Numbers_(数),Units_of_Measurement_(測)
1102,瀬,｜貝頁氵,rapids or shallows,Nature,Land_(陸)_and_Topography
1103,是,日疋,just so,,
1104,井,｜丿二,well,,
1105,世,｜,world,,
1106,正,止,correct,Emotions_and_Senses_(感),Judgment_(評)
1107,生,生,student,Human_activities,Culture
1108,成,丿戈,become,,
1109,西,西,West,Directions_(方)_and_Spatial_Relationships,
1110,声,士尸,voice,Human_activities,Language_(語)_and_Communication
1111,制,丿二巾牛刂,control,,
1112,姓,女生,surname,,
1113,征,彳止,conquer,Human_activities,War_(戦)
1114,性,生忄,gender,,
1115,青,二亠土月,blue,Physical_Attributes_and_Properties,Colours_(色)
1116,斉,｜丿廾文,adjusted,,
1117,政,攴止,politics,,
1118,星,日生,star,Nature,Sky
1119,牲,牛生,animal sacrifice,,
1120,省,丿小目,government ministry,,
1121,凄,冫十女彐,uncanny,,
1122,逝,斤扌辶,departed,,
1123,清,二亠土月青氵,pure,,
1124,盛,丿戈皿,prosper,,
1125,婿,女月疋,"son-in-law, bridegroom",People_(人),Family_(家_/_族)
1126,晴,二亠土日月青,clear or fine weather,Nature,Weather
1127,勢,丶儿力土九,power,,
1128,聖,口玉耳,sacred,Human_activities,Religion_(宗)_and_the_Supernatural_World
1129,誠,丿戈言,sincerity,,
1130,精,二亠土月米青,sperm,Body_(身),Bodily_Functions
1131,製,巾牛衣刂,manufacture,,
1132,誓,斤言扌,vow,,
1133,静,亅亠勹土彐月青,quiet,Emotions_and_Senses_(感),Senses
1134,請,二亠土月言青,solicit,,
1135,整,｜口攴木止,put in order,,
1136,醒,日生酉,be disillusioned,,
1137,税,儿口禾丷,tax,Human_activities,Money_(銭)_and_Commerce_(商)
1138,夕,夕,evening,Time_(時),Divisions_of_the_Day
1139,斥,丶斤,reject,,
1140,石,口,stone,Nature,Natural_Substances
1141,赤,土,red,Physical_Attributes_and_Properties,Colours_(色)
1142,昔,｜二日,antiquity,Time_(時),
1143,析,斤木,chop,,
1144,席,巾广,seat,,
1145,脊,二月癶个,backbone,Body_(身),Torso_and_organs
1146,隻,又隹,counter for ships,Numbers_(数),Counters_(個)
1147,惜,｜二日忄,regret,Emotions_and_Senses_(感),Emotions_(情)
1148,戚,丿卜小戈,grief,Emotions_and_Senses_(感),Emotions_(情)
1149,責,亠土貝,blame,,
1150,跡,亠口止赤足,tracks,,
1151,積,亠土禾貝,accumulate,,
1152,績,亠土糸貝,exploits,,
1153,籍,｜亠八土日木竹耒,enroll,,
1154,切,刀匕,cut,,
1155,折,斤扌,fold,,
1156,拙,｜山扌,bungling,,
1157,窃,儿刀匕宀穴,stealth,,
1158,接,女立扌,contact,,
1159,設,殳言,establish,,
1160,雪,彐雨,snow,Nature,Weather
1161,摂,冫耳扌,vicarious,,
1162,節,卩竹艮,"tune, melody",Human_activities,Culture
1163,説,儿口言丷,explain,Human_activities,Language_(語)_and_Communication
1164,舌,口,tongue,Body_(身),Head_(頭)_and_Neck_(首)
1165,絶,糸色,discontinue,,
1166,千,丿十,"1,000",Numbers_(数),
1167,川,川,river,Nature,Land_(陸)_and_Topography
1168,仙,山亻,immortal or sage,Human_activities,Religion_(宗)_and_the_Supernatural_World
1169,占,卜口,fortune telling,,
1170,先,丿儿土,"ahead, previous",Time_(時),
1171,宣,宀日,proclaim,Human_activities,Language_(語)_and_Communication
1172,専,十寸田,specialty,,
1173,泉,水白,water spring,Nature,Land_(陸)_and_Topography
1174,浅,丶丿毛氵,shallow,Physical_Attributes_and_Properties,Miscellaneous_properties
1175,洗,丿儿土氵,wash,,
1176,染,木九氵,dye,,
1177,扇,冫戸羽,fan,Artificial_Structures_and_Products,Miscellaneous_Manufactured_Items
1178,栓,木玉个,plug or stopper,Artificial_Structures_and_Products,Miscellaneous_Manufactured_Items
1179,旋,方疋,rotation,,
1180,船,八口舟,ship,Artificial_Structures_and_Products,Vehicles_(車)_and_Machines_(機)
1181,戦,十戈田尚,battle,Human_activities,War_(戦)
1182,煎,月丷刂灬,"to boil, roast",Food_(食)_and_Drink_(飲),Cooking_(炊)
1183,羨,欠玉羊丷氵,"envy, jealousy",Emotions_and_Senses_(感),Emotions_(情)
1184,腺,月水白,gland,Body_(身),General_2
1185,詮,玉言个,discussion,,
1186,践,丶丿口毛足,tread,,
1187,箋,戈竹,paper,Artificial_Structures_and_Products,Miscellaneous_Manufactured_Items
1188,銭,丶丿毛金,coin,,
1189,潜,人土日氵,submerge,,
1190,線,水白糸,line,Physical_Attributes_and_Properties,Form_and_Shape_(形)
1191,遷,大己襾辶,transition,,
1192,選,｜二八己辶,choose,,
1193,薦,广艹灬,recommend,,
1194,繊,土戈糸赤,slender,,
1195,鮮,玉田羊魚丷灬,fresh,,
1196,全,八玉,whole,,
1197,前,月丷刂,before,Time_(時),
1198,善,口玉羊丷,good,Emotions_and_Senses_(感),Judgment_(評)
1199,然,夕犬灬,so,,
1200,禅,十田尚礻,Zen,Human_activities,Religion_(宗)_and_the_Supernatural_World
1201,漸,斤車氵,steadily,,
1202,膳,口月玉羊丷,tray or small table,Artificial_Structures_and_Products,Miscellaneous_Manufactured_Items
1203,繕,口玉糸羊丷,darning,,
1204,狙,｜目犭,aim at,,
1205,阻,｜目阝,thwart,,
1206,祖,｜目礻,ancestor,People_(人),Family_(家_/_族)
1207,租,｜目禾,tax,Human_activities,Money_(銭)_and_Commerce_(商)
1208,素,亠土糸,elementary,,
1209,措,｜二日扌,set aside,,
1210,粗,｜目米,coarse,,
1211,組,｜目糸,"association, assemble",People_(人),Groups_(団)
1212,疎,｜口木止疋,alienate,,
1213,訴,丶斤言,sue,,
1214,塑,土屮月丷,model,,
1215,遡,屮月丷辶,go upstream,,
1216,礎,口木疋石,cornerstone,,
1217,双,丶又,pair,Numbers_(数),Counting_(計)_&_Sequence_(序)
1218,壮,士爿,robust,,
1219,早,十日,early,Time_(時),
1220,争,亅勹彐,conflict,,
1221,走,土,run,Body_(身),Actions
1222,奏,｜丿二大禾,play music,,
1223,相,木目,mutual,,
1224,荘,士爿艹,villa,Artificial_Structures_and_Products,Cities_(市)
1225,草,十日艹,grass,Nature,Plants_(植)_and_Trees_(樹)
1226,送,大丷辶,send,,
1227,倉,丿口个,warehouse,,
1228,捜,｜又日田扌,search,,
1229,挿,｜丿十日田扌,insert,,
1230,桑,又木,mulberry,Nature,Plants_(植)_and_Trees_(樹)
1231,巣,木田尚,nest,,
1232,掃,冖巾彐扌,sweep,,
1233,曹,｜日,cadet,,
1234,曽,日田丷,formerly,Time_(時),
1235,爽,亠人,refreshing,,
1236,窓,儿厶宀心穴,window,,
1237,創,口个刂,create,,
1238,喪,｜口衣,miss,,
1239,痩,又疒,weight loss,Body_(身),Health_(体)
1240,葬,匕夕廾艹,interment,,
1241,装,士爿衣,attire,Artificial_Structures_and_Products,Clothing_(服)_and_Textiles_(布)
1242,僧,日田亻丷,Buddhist monk or priest,Human_activities,Religion_(宗)_and_the_Supernatural_World
1243,想,心木目,concept,,
1244,層,尸日田丷,stratum,,
1245,総,八厶心糸,whole,,
1246,遭,｜日辶,encounter,,
1247,槽,｜日木,tank,Artificial_Structures_and_Products,Miscellaneous_Manufactured_Items
1248,踪,口宀示足,remains,,
1249,操,口木扌品,maneuver,,
1250,燥,口木火品,parch,,
1251,霜,木目雨,frost,Nature,Weather
1252,騒,又虫馬,boisterous,,
1253,藻,口木氵艹品,algae or seaweed,Nature,Plants_(植)_and_Trees_(樹)
1254,造,丿口土辶,create,,
1255,像,勹口豕亻,statue,,
1256,増,土日田丷,to increase,Numbers_(数),Calculations_(算)
1257,憎,日田丷忄,hate,Emotions_and_Senses_(感),Emotions_(情)
1258,蔵,丿戈臣艹,warehouse,,
1259,贈,日田貝丷,presents,,
1260,臓,丿戈月臣艹,entrails,Body_(身),Torso_and_organs
1261,即,卩艮,instant,,
1262,束,｜八口木,bundle,,
1263,足,口,"leg, foot",Body_(身),Limbs_(肢)
1264,促,口足亻,stimulate,,
1265,則,貝刂,rule,,
1266,息,心自,breath,Body_(身),Bodily_Functions
1267,捉,口足扌,capture,,
1268,速,｜八口木辶,fast,,
1269,側,貝亻刂,side,Physical_Attributes_and_Properties,Form_and_Shape_(形)
1270,測,貝刂氵,fathom,,
1271,俗,八口谷个亻,vulgar,,
1272,族,方矢,tribe,,
1273,属,丿尸禸,belong,,
1274,賊,十戈貝,burglar,,
1275,続,儿冖士糸,continue,,
1276,卒,亠人十,graduate,Human_activities,Culture
1277,率,亠冫十幺玄,rate,,
1278,存,｜丿子,suppose,,
1279,村,寸木,village,Artificial_Structures_and_Products,Cities_(市)
1280,孫,丿子糸,grandchild,People_(人),Family_(家_/_族)
1281,尊,寸酉丷,revered,,
1282,損,口貝扌,loss,,
1283,遜,丿子糸辶,humble,,
1284,他,亻也,other,,
1285,多,夕,many,Numbers_(数),Counting_(計)_&_Sequence_(序)
1286,汰,丶大氵,luxury,,
1287,打,亅扌,hit,,
1288,妥,女爪,gentle,,
1289,唾,｜丿口,saliva,Body_(身),Bodily_Functions
1290,堕,丿土月阝,degenerate,,
1291,惰,丿工月忄,lazy,,
1292,駄,丶大馬,burdensome,,
1293,太,丶大,fat or thick,Physical_Attributes_and_Properties,Miscellaneous_properties
1294,対,寸文,opposite,,
1295,体,木亻,body,,
1296,耐,寸而,resistant,,
1297,待,土寸彳,wait,,
1298,怠,厶口心,neglect,,
1299,胎,厶口月,foetus,Body_(身),Bodily_Functions
1300,退,艮辶,retreat,,
1301,帯,｜冖巾,belt,Artificial_Structures_and_Products,Clothing_(服)_and_Textiles_(布)
1302,泰,｜丿二水,peaceful,,
1303,堆,土隹,piled high,,
1304,袋,弋衣亻,bag,Artificial_Structures_and_Products,Miscellaneous_Manufactured_Items
1305,逮,彐水隶辶,apprehend,,
1306,替,二亠人大日,exchange,,
1307,貸,弋貝亻,lend,,
1308,隊,豕丷阝,group,,
1309,滞,冖巾氵,stagnate,,
1310,態,匕厶心月,condition,,
1311,戴,｜二八土戈田,be crowned with,,
1312,大,大,large,Physical_Attributes_and_Properties,Form_and_Shape_(形)
1313,代,弋亻,substitute,,
1314,台,厶口,counter for machines and vehicles,Numbers_(数),Counters_(個)
1315,第,弓竹,ordinal marker,Numbers_(数),Counting_(計)_&_Sequence_(序)
1316,題,日疋貝頁,topic,Human_activities,Language_(語)_and_Communication
1317,滝,田立氵竜,waterfall,Nature,Land_(陸)_and_Topography
1318,宅,丿乙宀,home,,
1319,択,尸扌,choose,,
1320,沢,尸氵,swamp,Nature,Land_(陸)_and_Topography
1321,卓,十卜日,table,Artificial_Structures_and_Products,Miscellaneous_Manufactured_Items
1322,拓,口石扌,clear (the land),,
1323,託,丿乙言,consign,,
1324,濯,彐隹氵,laundry,,
1325,諾,丿口言艹,consent,,
1326,濁,勹网虫氵,voiced,,
1327,但,日亻,however,,
1328,達,土玉羊丷辶,attain,,
1329,脱,儿口月丷,undress,,
1330,奪,大寸隹,rob,,
1331,棚,月木,shelf,,
1332,誰,言隹,who (question word),,
1333,丹,丶丿亅,cinnabar,Nature,Natural_Substances
1334,旦,日,sunrise,Time_(時),Divisions_of_the_Day
1335,担,日扌,shouldering,,
1336,単,十田尚,simple,,
1337,炭,厂山火,coal,Nature,Natural_Substances
1338,胆,日月,gall bladder,Body_(身),Torso_and_organs
1339,探,儿冖木扌,grope,,
1340,淡,火氵,thin,,
1341,短,口矢豆丷,short,Physical_Attributes_and_Properties,Form_and_Shape_(形)
1342,嘆,丿口艹,sigh,,
1343,端,山立而,"end, tip",Physical_Attributes_and_Properties,Form_and_Shape_(形)
1344,綻,宀疋糸,rip,,
1345,誕,丿廴止言,nativity,,
1346,鍛,殳金,forge,,
1347,団,囗寸,group,,
1348,男,力田,man,People_(人),General
1349,段,｜殳,steps,,
1350,断,｜斤米,cut off,,
1351,弾,十弓田尚,bullet,,
1352,暖,丿又日爪,warm,Physical_Attributes_and_Properties,Miscellaneous_properties
1353,談,火言,discuss,Human_activities,Language_(語)_and_Communication
1354,壇,亠口囗土日,podium,,
1355,地,土也,ground,Nature,Natural_Substances
1356,池,氵也,pond,Nature,Land_(陸)_and_Topography
1357,知,口矢,know,Human_activities,Culture
1358,値,｜十目亻,price,Human_activities,Money_(銭)_and_Commerce_(商)
1359,恥,心耳,shame,Emotions_and_Senses_(感),Emotions_(情)
1360,致,厶土攴至,(to) do,,
1361,遅,尸玉羊丷辶,late,Time_(時),
1362,痴,口疒矢,stupid,,
1363,稚,禾隹,immature,,
1364,置,十目网,put,,
1365,緻,厶土攴糸至,fine,Physical_Attributes_and_Properties,Miscellaneous_properties
1366,竹,竹,bamboo,Nature,Plants_(植)_and_Trees_(樹)
1367,畜,亠幺玄田,livestock,Nature,Animals_(獣)
1368,逐,豕辶,pursue,,
1369,蓄,亠幺玄田艹,amass,,
1370,築,丶几工木竹,fabricate,,
1371,秩,丿人土大禾,regularity,,
1372,窒,儿厶土宀穴至,nitrogen,Nature,Natural_Substances
1373,茶,木个艹,tea,Food_(食)_and_Drink_(飲),
1374,着,丿玉目羊丷,to wear,Artificial_Structures_and_Products,Clothing_(服)_and_Textiles_(布)
1375,嫡,亠冂十口女立丷啇,legitimate wife/family,People_(人),Family_(家_/_族)
1376,中,｜口,middle,Directions_(方)_and_Spatial_Relationships,
1377,仲,｜口亻,intermediary,People_(人),Roles_and_status
1378,虫,虫,insect,,
1379,沖,｜口氵,"high seas, offshore",Nature,Land_(陸)_and_Topography
1380,宙,｜宀日田,mid-air,,
1381,忠,｜口心,loyalty,,
1382,抽,｜日田扌,pluck,,
1383,注,丶玉氵,pour,,
1384,昼,丶尸日,daytime,Time_(時),Divisions_of_the_Day
1385,柱,丶木玉,pillar,,
1386,衷,十口衣,inmost,,
1387,酎,寸酉,sake,Food_(食)_and_Drink_(飲),
1388,鋳,丿亠土寸金,casting,Artificial_Structures_and_Products,Miscellaneous_Manufactured_Items
1389,駐,丶玉馬,stop-over,,
1390,著,日老艹,renowned,,
1391,貯,亅宀貝,savings,Human_activities,Money_(銭)_and_Commerce_(商)
1392,丁,亅,miscellaneous counter,Numbers_(数),Counters_(個)
1393,弔,｜弓,condolences,,
1394,庁,亅广,government office,,
1395,兆,儿冫,"1,000,000,000,000",Numbers_(数),
1396,町,亅田,town,Artificial_Structures_and_Products,Cities_(市)
1397,長,長,leader,People_(人),Roles_and_status
1398,挑,儿冫扌,challenge,,
1399,帳,巾長,account book,,
1400,張,弓長,stretch,,
1401,彫,冂口土彡,carve,,
1402,眺,儿冫目,stare,,
1403,釣,丶勹金,angling,,
1404,頂,亅貝頁,place on the head,,
1405,鳥,灬,bird,,
1406,朝,十日月,morning,Time_(時),Divisions_of_the_Day
1407,貼,卜口貝,paste,,
1408,超,刀口土走,transcend,,
1409,腸,日月勿,intestines,Body_(身),Torso_and_organs
1410,跳,儿冫口足,hop,,
1411,徴,山彳攴玉,indications,,
1412,嘲,十口日月,ridicule,,
1413,潮,十日月氵,tide,Nature,Weather
1414,澄,口癶豆丷氵,lucidity,,
1415,調,冂口土言,investigate,,
1416,聴,十心网耳,listen,Emotions_and_Senses_(感),Senses
1417,懲,山彳心攴玉,penal,,
1418,直,｜十目,straight,,
1419,勅,｜力口木,imperial order,,
1420,捗,丿小止扌,make progress,,
1421,沈,尢氵,sink,,
1422,珍,彡玉个,rare,,
1423,朕,人大月丷,majestic plural,,
1424,陳,｜日木田阝,exhibit,,
1425,賃,玉貝亻,fee or wages,Human_activities,Money_(銭)_and_Commerce_(商)
1426,鎮,八十目金丷,tranquilize,,
1427,追,｜口辶,follow,,
1428,椎,木隹,backbone,Body_(身),Torso_and_organs
1429,墜,土豕丷阝,to fall,Directions_(方)_and_Spatial_Relationships,Movement
1430,通,用マ辶,pass through,,
1431,痛,用疒マ,pain,Body_(身),Health_(体)
1432,塚,冖土豕,hillock,,
1433,漬,亠土貝氵,pickle,Food_(食)_and_Drink_(飲),
1434,坪,土干丷,two-mat area (around 3.3 m²),Numbers_(数),Units_of_Measurement_(測)
1435,爪,爪,nail,Body_(身),Limbs_(肢)
1436,鶴,宀隹鳥灬,crane,Nature,Animals_(獣)
1437,低,氏亻,low,,
1438,呈,口玉,display,,
1439,廷,士廴玉,courts,,
1440,弟,｜丿弓丷,younger brother,People_(人),Family_(家_/_族)
1441,定,宀疋,decide,,
1442,底,广氏,bottom,Directions_(方)_and_Spatial_Relationships,
1443,抵,氏扌,resist,,
1444,邸,氏阝,residence,,
1445,亭,亅亠冖口,pavilion,,
1446,貞,卜貝,upright,,
1447,帝,亠冖巾立丷,Mikado or emperor,People_(人),Roles_and_status
1448,訂,亅言,revise,,
1449,庭,广廴玉,garden,,
1450,逓,｜二厂巾辶,relay,,
1451,停,亅亠冖口亻,halt,,
1452,偵,卜貝亻,spy,,
1453,堤,土日疋,embankment,Nature,Land_(陸)_and_Topography
1454,提,日疋扌,present,,
1455,程,口玉禾,extent,,
1456,艇,廴玉舟,ship,Artificial_Structures_and_Products,Vehicles_(車)_and_Machines_(機)
1457,締,亠冖巾立糸丷,tighten,,
1458,諦,亠冖巾立言丷,abandon,,
1459,泥,匕尸氵,mud,Nature,Natural_Substances
1460,的,丶勹白,target,,
1461,笛,｜日田竹,flute,Human_activities,Culture
1462,摘,亠冂十口立丷扌啇,pinch,,
1463,滴,亠冂十口立丷氵啇,drip,,
1464,適,亠冂十口立丷辶啇,suitable,,
1465,敵,亠冂十口攴立丷啇,enemy,Human_activities,War_(戦)
1466,溺,冫弓氵,drown,,
1467,迭,｜丿大牛矢辶,transfer,,
1468,哲,口斤扌,philosophy,,
1469,鉄,丿二大矢金,iron,Nature,Natural_Substances
1470,徹,亠厶彳攴月,penetrate,,
1471,撤,亠厶攴月扌,remove,,
1472,天,大,"heaven, sky",Nature,Sky
1473,典,｜八日,code,,
1474,店,卜口广,shop,,
1475,点,卜口灬,point,,
1476,展,｜二尸衣,expand,,
1477,添,丿大心氵,annexed,,
1478,転,二厶車,revolve,,
1479,塡,塡,fill in,,
1480,田,田,rice paddy,Nature,Land_(陸)_and_Topography
1481,伝,二厶亻,transmit,Human_activities,Language_(語)_and_Communication
1482,殿,｜二八尸殳,Mr.,,
1483,電,乙田雨,electricity,Nature,Weather
1484,斗,斗,(around 18 l),Numbers_(数),Units_of_Measurement_(測)
1485,吐,口土,spit,,
1486,妬,口女石,"envy, jealousy",Emotions_and_Senses_(感),Emotions_(情)
1487,徒,土彳走,gang or junior,People_(人),General
1488,途,亅八木个辶,route,,
1489,都,日老阝,metropolis,Artificial_Structures_and_Products,Cities_(市)
1490,渡,又广氵,transit,,
1491,塗,亅八土木个氵,paint,Artificial_Structures_and_Products,Miscellaneous_Manufactured_Items
1492,賭,日老貝,gamble,Human_activities,Money_(銭)_and_Commerce_(商)
1493,土,土,earth,Nature,Natural_Substances
1494,奴,又女,"servant, fellow",People_(人),Roles_and_status
1495,努,力又女,toil,,
1496,度,又广,number of times,Time_(時),
1497,怒,又女心,anger,Emotions_and_Senses_(感),Emotions_(情)
1498,刀,刀,sword,,
1499,冬,丶夂攴,Winter,Time_(時),Seasons_(季_/_候)
1500,灯,亅火,lamp,Artificial_Structures_and_Products,Miscellaneous_Manufactured_Items
1501,当,彐尚,hit,,
1502,投,殳扌,throw,,
1503,豆,口丷,bean,Food_(食)_and_Drink_(飲),
1504,東,｜日木田,East,Directions_(方)_and_Spatial_Relationships,
1505,到,厶土至刂,arrival,,
1506,逃,儿冫辶,escape,,
1507,倒,厶土至亻刂,to reverse,Directions_(方)_and_Spatial_Relationships,Movement
1508,凍,｜冫日木田,frozen,,
1509,唐,｜口广彐,T'ang,,
1510,島,山白鳥,island,Nature,Land_(陸)_and_Topography
1511,桃,儿冫木,peach,Nature,Plants_(植)_and_Trees_(樹)
1512,討,寸言,attack,Human_activities,War_(戦)
1513,透,丿禾乃辶,transparent,,
1514,党,儿冖口尚,group,,
1515,悼,十卜日忄,lament,,
1516,盗,冫欠皿,steal,,
1517,陶,勹缶阝,pottery,Artificial_Structures_and_Products,Miscellaneous_Manufactured_Items
1518,塔,口土个艹,pagoda,,
1519,搭,口个扌艹,to board or load,Artificial_Structures_and_Products,Vehicles_(車)_and_Machines_(機)
1520,棟,｜日木田,ridgepole,,
1521,湯,｜日氵勿,hot water,,
1522,痘,口疒豆丷,pox,Body_(身),Health_(体)
1523,登,口癶豆丷,climb,,
1524,答,口竹个,answer,Human_activities,Language_(語)_and_Communication
1525,等,土寸竹,class,,
1526,筒,冂口竹,cylinder,,
1527,統,亠儿厶糸,unite,,
1528,稲,｜日爪禾,rice plant,Nature,Plants_(植)_and_Trees_(樹)
1529,踏,口日水足,step,,
1530,糖,口广米,sugar,Food_(食)_and_Drink_(飲),
1531,頭,口豆貝頁丷,"counter for animals, large",Numbers_(数),Counters_(個)
1532,謄,｜月言,mimeograph,,
1533,藤,｜月水艹,wisteria,Nature,Plants_(植)_and_Trees_(樹)
1534,闘,口寸豆門丷,battle,Human_activities,War_(戦)
1535,騰,月馬丷,inflation,,
1536,同,冂口,same,,
1537,洞,冂口氵,den,,
1538,胴,冂口月,torso,Body_(身),Torso_and_organs
1539,動,｜力日里,move,,
1540,堂,冖口土尚,public chamber,,
1541,童,立里,juvenile,People_(人),General
1542,道,自首丷辶,road,,
1543,働,｜力日亻,work,Human_activities,Money_(銭)_and_Commerce_(商)
1544,銅,冂口金,copper,Nature,Natural_Substances
1545,導,寸自丷辶,guide,,
1546,瞳,目立里,pupil,Body_(身),Head_(頭)_and_Neck_(首)
1547,峠,｜卜山,mountain pass,Nature,Land_(陸)_and_Topography
1548,匿,丿匚口艹,hide,,
1549,特,土寸牛,special,,
1550,得,寸彳日,acquire,,
1551,督,卜又小目,supervisor,People_(人),Roles_and_status
1552,徳,十彳心网,benevolence,,
1553,篤,竹馬鳥灬,fervent,,
1554,毒,亠土毋,poison,,
1555,独,虫犭,alone,,
1556,読,儿冖士士言,read,Human_activities,Language_(語)_and_Communication
1557,栃,厂斤木,horse chestnut,Nature,Plants_(植)_and_Trees_(樹)
1558,凸,｜冂凵,convex,Physical_Attributes_and_Properties,Form_and_Shape_(形)
1559,突,儿大宀穴,stab,,
1560,届,｜尸日田,deliver,,
1561,屯,丿乙凵,barracks,Human_activities,War_(戦)
1562,豚,月豕,pig,Nature,Animals_(獣)
1563,頓,貝頁屯,suddenly,,
1564,貪,貝个,covet,,
1565,鈍,金屯,dull,,
1566,曇,二厶日雨,cloudy,Nature,Weather
1567,丼,｜丶丿二廾井,bowl,Artificial_Structures_and_Products,Miscellaneous_Manufactured_Items
1568,那,二刀阝,what,,
1569,奈,大示,what,,
1570,内,人冂,inside,Directions_(方)_and_Spatial_Relationships,
1571,梨,木禾刂,pear,Nature,Plants_(植)_and_Trees_(樹)
1572,謎,米言辶,riddle,,
1573,鍋,冂口金,pot,Artificial_Structures_and_Products,Miscellaneous_Manufactured_Items
1574,南,冂十干丷,South,Directions_(方)_and_Spatial_Relationships,
1575,軟,欠車,soft,Physical_Attributes_and_Properties,Miscellaneous_properties
1576,難,亠口大隹艹,difficult,,
1577,二,二,2,Numbers_(数),
1578,尼,匕尸,Buddhist nun,Human_activities,Religion_(宗)_and_the_Supernatural_World
1579,弐,二弋,two (falsification prevention),,
1580,匂,勹匕,fragrance,Emotions_and_Senses_(感),Senses
1581,肉,人冂,meat,Food_(食)_and_Drink_(飲),
1582,虹,工虫,rainbow,Nature,Weather
1583,日,日,sun,Nature,Sky
1584,入,入,in,Directions_(方)_and_Spatial_Relationships,
1585,乳,乙子爪,milk,Food_(食)_and_Drink_(飲),
1586,尿,尸水,urine,Body_(身),Bodily_Functions
1587,任,丿士玉亻,responsibility,,
1588,妊,丿士女玉,pregnant,Body_(身),Bodily_Functions
1589,忍,丶刀心,endure,,
1590,認,丶刀心言,recognize,,
1591,寧,亅宀心网,rather,,
1592,熱,丶儿土九灬,heat,Nature,Weather
1593,年,丿干,year,Time_(時),Divisions_of_the_Year
1594,念,｜心个,thought,,
1595,捻,｜心个扌,twist,,
1596,粘,卜口米,sticky,Physical_Attributes_and_Properties,Miscellaneous_properties
1597,燃,夕火犬灬,burn,,
1598,悩,凵尚忄,trouble,,
1599,納,人冂糸,settlement,,
1600,能,匕厶月,ability,,
1601,脳,凵月尚,brain,Body_(身),Head_(頭)_and_Neck_(首)
1602,農,｜厂日衣辰,farming,,
1603,濃,｜厂日衣辰氵,concentrated,Physical_Attributes_and_Properties,Miscellaneous_properties
1604,把,扌巴,grasp,,
1605,波,又皮氵,wave,Nature,Weather
1606,派,厂斤氵,religious sect,Human_activities,Religion_(宗)_and_the_Supernatural_World
1607,破,又口皮石,rend,,
1608,覇,月襾革,hegemony,,
1609,馬,馬,horse,Nature,Animals_(獣)
1610,婆,又女皮氵,grandmother,People_(人),Family_(家_/_族)
1611,罵,网馬,insult,,
1612,拝,｜干扌,worship,,
1613,杯,｜丿木礻,cup,Artificial_Structures_and_Products,Miscellaneous_Manufactured_Items
1614,背,匕月爿,back,Body_(身),Torso_and_organs
1615,肺,亠巾月,lung,Body_(身),Torso_and_organs
1616,俳,非亻,haiku,Human_activities,Culture
1617,配,己酉,distribute,,
1618,排,非扌,repudiate,,
1619,敗,攴貝,failure,,
1620,廃,儿广癶,abolish,,
1621,輩,車非,"fellow, comrade",People_(人),Roles_and_status
1622,売,儿冖士,sell,Human_activities,Money_(銭)_and_Commerce_(商)
1623,倍,口立亻,"to double, times",Numbers_(数),Calculations_(算)
1624,梅,木毋,plum,Nature,Plants_(植)_and_Trees_(樹)
1625,培,口土立,cultivate,,
1626,陪,口立阝,obeisance,,
1627,媒,女木甘,mediator,,
1628,買,网貝,buy,Human_activities,Money_(銭)_and_Commerce_(商)
1629,賠,口立貝,compensation,,
1630,白,白,white,Physical_Attributes_and_Properties,Colours_(色)
1631,伯,白亻,"aunt, uncle",People_(人),Family_(家_/_族)
1632,拍,白扌,"clap, beat (music)",Human_activities,Culture
1633,泊,白氵,overnight,,
1634,迫,白辶,urge,,
1635,剝,剝,peel,,
1636,舶,白舟,oceangoing ship,Artificial_Structures_and_Products,Vehicles_(車)_and_Machines_(機)
1637,博,丶十寸田,Dr.,,
1638,薄,丶十寸田氵艹,dilute or thin,Physical_Attributes_and_Properties,Miscellaneous_properties
1639,麦,夂,barley or wheat,Food_(食)_and_Drink_(飲),
1640,漠,大日氵艹,desert,Nature,Land_(陸)_and_Topography
1641,縛,丶十寸田糸,truss,,
1642,爆,｜八日水火井,explode,,
1643,箱,木目竹,box,Artificial_Structures_and_Products,Miscellaneous_Manufactured_Items
1644,箸,日竹老,chopsticks,Artificial_Structures_and_Products,Miscellaneous_Manufactured_Items
1645,畑,火田,field,Nature,Land_(陸)_and_Topography
1646,肌,几月,skin,Body_(身),General_2
1647,八,八,8,Numbers_(数),
1648,鉢,木金,bowl,Artificial_Structures_and_Products,Miscellaneous_Manufactured_Items
1649,発,二儿癶,departure,,
1650,髪,夂彡長髟,hair,Body_(身),Head_(頭)_and_Neck_(首)
1651,伐,戈亻,attack or punish,Human_activities,War_(戦)
1652,抜,亠又夂扌,slip out,,
1653,罰,网言刂,penalty,,
1654,閥,戈門亻,clique,,
1655,反,厂又,anti-,,
1656,半,｜二十丷,half,Numbers_(数),Counting_(計)_&_Sequence_(序)
1657,氾,乙卩氵,spread out,,
1658,犯,乙卩犭,crime,,
1659,帆,丶几巾,sail,Artificial_Structures_and_Products,Miscellaneous_Manufactured_Items
1660,汎,丶几氵,pan-,,
1661,伴,｜二十亻丷,consort,,
1662,判,｜二十丷刂,judge,,
1663,坂,厂又土,slope,Nature,Land_(陸)_and_Topography
1664,阪,厂又阝,heights,,
1665,板,厂又木,board or plate,Artificial_Structures_and_Products,Miscellaneous_Manufactured_Items
1666,版,厂又片,printing block,,
1667,班,厂土玉,squad,,
1668,畔,｜二十田丷,levee,Nature,Land_(陸)_and_Topography
1669,般,殳舟,generally,,
1670,販,厂又貝,marketing,Human_activities,Money_(銭)_and_Commerce_(商)
1671,斑,文玉,blemish,,
1672,飯,厂又食,"cooked rice, meal",Food_(食)_and_Drink_(飲),
1673,搬,殳舟扌,to transport,Directions_(方)_and_Spatial_Relationships,Movement
1674,煩,火貝頁,"anxiety, annoyance",Emotions_and_Senses_(感),Emotions_(情)
1675,頒,八刀貝頁,partition,,
1676,範,乙卩竹車,pattern,,
1677,繁,攴毋糸,luxuriant,,
1678,藩,田米釆氵艹,clan,,
1679,晩,儿日免,evening,Time_(時),Divisions_of_the_Day
1680,番,田米釆,numerical order,Numbers_(数),Counting_(計)_&_Sequence_(序)
1681,蛮,亠虫,barbarian,,
1682,盤,殳皿舟,board or disk,Artificial_Structures_and_Products,Miscellaneous_Manufactured_Items
1683,比,比,compare,,
1684,皮,又,skin,Body_(身),General_2
1685,妃,女己,"princess, queen",People_(人),Roles_and_status
1686,否,丿口,negate,,
1687,批,比扌,criticism,,
1688,彼,又彳皮,he,People_(人),General
1689,披,又皮扌,expose,,
1690,肥,月巴,fertilizer,,
1691,非,非,negative,,
1692,卑,十田,lowly,,
1693,飛,飛,fly,,
1694,疲,又疒皮,tired,Body_(身),Health_(体)
1695,秘,丶丿心禾,secret,,
1696,被,又皮衤,incur,,
1697,悲,心非,sad,,
1698,扉,戸非,front door,,
1699,費,｜弓貝,expense,Human_activities,Money_(銭)_and_Commerce_(商)
1700,碑,十口田石,tombstone,,
1701,罷,匕厶月网,quit,,
1702,避,十口尸立辛辶,evade,,
1703,尾,尸毛,tail,Nature,Animals_(獣)
1704,眉,｜尸目,eyebrow,Body_(身),Head_(頭)_and_Neck_(首)
1705,美,大玉羊丷,beauty,,
1706,備,厂用亻艹,provide,,
1707,微,山彳攴,delicate,Physical_Attributes_and_Properties,Miscellaneous_properties
1708,鼻,廾田自,nose,Body_(身),Head_(頭)_and_Neck_(首)
1709,膝,月木水个,knee,Body_(身),Limbs_(肢)
1710,肘,寸月,elbow,Body_(身),Limbs_(肢)
1711,匹,儿匚,counter for animals,Numbers_(数),Counters_(個)
1712,必,丿心,without fail,,
1713,泌,丶丿心氵,ooze,,
1714,筆,竹聿,"writing, brush",Human_activities,Language_(語)_and_Communication
1715,姫,女臣,princess,People_(人),Roles_and_status
1716,百,白,100,Numbers_(数),
1717,氷,丶水,ice,Nature,Natural_Substances
1718,表,士衣,express,Human_activities,Language_(語)_and_Communication
1719,俵,士衣亻,straw bag or sack,Artificial_Structures_and_Products,Miscellaneous_Manufactured_Items
1720,票,示襾,ballot,,
1721,評,｜二言丷,evaluate,,
1722,漂,示襾氵,drift,,
1723,標,木示襾,signpost,,
1724,苗,田艹,seedling,Nature,Plants_(植)_and_Trees_(樹)
1725,秒,丿小禾,second,Time_(時),Divisions_of_the_Day
1726,病,人冂疒,illness,Body_(身),Health_(体)
1727,描,田扌艹,sketch,,
1728,猫,田犭艹,cat,Nature,Animals_(獣)
1729,品,口,article,Artificial_Structures_and_Products,Miscellaneous_Manufactured_Items
1730,浜,八斤氵,beach,Nature,Land_(陸)_and_Topography
1731,貧,八刀貝,poor,,
1732,賓,丿宀小貝,"guest, VIP",People_(人),Roles_and_status
1733,頻,丿小止貝頁,repeatedly,,
1734,敏,攴毋,cleverness,,
1735,瓶,瓦丷,bottle or jar,Artificial_Structures_and_Products,Miscellaneous_Manufactured_Items
1736,不,｜丶丿,non-,,
1737,夫,二人大,husband or man,People_(人),Roles_and_status
1738,父,父,father,People_(人),Family_(家_/_族)
1739,付,寸亻,attach,,
1740,布,丿巾,linen,,
1741,扶,二人大扌,aid,,
1742,府,寸广亻,urban prefecture,,
1743,怖,丿巾忄,dread,Emotions_and_Senses_(感),Emotions_(情)
1744,阜,十,hill,Nature,Land_(陸)_and_Topography
1745,附,寸亻阝,affixed,,
1746,訃,卜言,obituary,Human_activities,Language_(語)_and_Communication
1747,負,勹貝,lose,,
1748,赴,卜土走,to visit,Directions_(方)_and_Spatial_Relationships,Movement
1749,浮,子爪氵,floating,,
1750,婦,冖女巾彐,wife or lady,People_(人),Roles_and_status
1751,符,寸竹亻,token,,
1752,富,口宀田,rich,Human_activities,Money_(銭)_and_Commerce_(商)
1753,普,｜二日丷,universal,,
1754,腐,寸广肉亻,rot,,
1755,敷,丶十攴方田,spread,,
1756,膚,匕卜厂月田虍,skin,Body_(身),General_2
1757,賦,弋止貝,installment or levy,Human_activities,Money_(銭)_and_Commerce_(商)
1758,譜,｜二日言丷,musical score,,
1759,侮,毋亻,scorn,,
1760,武,弋止,military,Human_activities,War_(戦)
1761,部,口立阝,part,,
1762,舞,｜丿二夕舛無,dance,,
1763,封,土寸,seal,,
1764,風,丿冂虫,wind,Nature,Weather
1765,伏,犬亻,prostrated,,
1766,服,卩又月,clothes,,
1767,副,口田刂,vice,,
1768,幅,口巾田,width,Physical_Attributes_and_Properties,Form_and_Shape_(形)
1769,復,夂彳日,again,,
1770,福,口田礻,luck,,
1771,腹,夂日月,stomach,Body_(身),Torso_and_organs
1772,複,夂日衤,duplicate,,
1773,覆,夂彳日襾,capsize,,
1774,払,厶扌,pay,Human_activities,Money_(銭)_and_Commerce_(商)
1775,沸,｜丿弓氵,seethe,,
1776,仏,厶亻,Buddha,Human_activities,Religion_(宗)_and_the_Supernatural_World
1777,物,勹牛勿,thing,,
1778,粉,刀米丷,flour,Food_(食)_and_Drink_(飲),
1779,紛,八刀糸,confusion,Emotions_and_Senses_(感),Emotions_(情)
1780,雰,八刀雨,atmosphere,,
1781,噴,十口貝艹,erupt,,
1782,墳,十土貝艹,tomb,,
1783,憤,十貝忄艹,indignation,Emotions_and_Senses_(感),Emotions_(情)
1784,奮,大田隹,stirred up,,
1785,分,八刀,minute,Time_(時),Divisions_of_the_Day
1786,文,文,text,Human_activities,Language_(語)_and_Communication
1787,聞,耳門,ask,Human_activities,Language_(語)_and_Communication
1788,丙,人冂,third,Numbers_(数),Counting_(計)_&_Sequence_(序)
1789,平,干丷,flat,,
1790,兵,八斤,soldier,,
1791,併,｜丿二廾亻丷,join,,
1792,並,｜二丷,line up,Physical_Attributes_and_Properties,Form_and_Shape_(形)
1793,柄,人冂木,"design, pattern",Physical_Attributes_and_Properties,Form_and_Shape_(形)
1794,陛,土比阝,highness,,
1795,閉,丿亅門,closed,,
1796,塀,｜丿二八土尸廾,fence,,
1797,幣,冂巾攴丷,currency,Human_activities,Money_(銭)_and_Commerce_(商)
1798,弊,｜冂巾廾攴丷尚,abuse,,
1799,蔽,｜冂巾攴丷尚艹,cover,,
1800,餅,｜丿二廾食丷,rice cake,Food_(食)_and_Drink_(飲),
1801,米,米,rice,Food_(食)_and_Drink_(飲),
1802,壁,十口土尸立辛,wall,,
1803,璧,十口尸玉立辛,sphere,,
1804,癖,十口尸疒立辛,mannerism,,
1805,別,力口刂,separate,,
1806,蔑,丿戈网艹,contempt,Emotions_and_Senses_(感),Emotions_(情)
1807,片,片,one-sided,,
1808,辺,刀辶,environs,,
1809,返,厂又辶,return,,
1810,変,亠夂,change,,
1811,偏,｜冂戸亻冊,partial,,
1812,遍,｜冂戸辶冊,everywhere,,
1813,編,｜冂戸糸冊,compile,,
1814,弁,厶廾,valve,,
1815,便,｜丿日田亻,faeces,Body_(身),Bodily_Functions
1816,勉,儿力免,exertion,,
1817,歩,丿小止,walk,Body_(身),Actions
1818,保,口木亻,preserve,,
1819,哺,丶十口用,suckle,Body_(身),Bodily_Functions
1820,捕,丶十用扌,catch,,
1821,補,丶十用衤,supplement,,
1822,舗,丶十口土用个,pavement,,
1823,母,母,mother,People_(人),Family_(家_/_族)
1824,募,力大日艹,recruit,,
1825,墓,土大日艹,grave,,
1826,慕,大心日艹,adoration or reverence,Emotions_and_Senses_(感),Emotions_(情)
1827,暮,大日艹,sunset,Time_(時),Divisions_of_the_Day
1828,簿,丶十寸田竹氵,register,,
1829,方,方,honorable person,People_(人),Roles_and_status
1830,包,勹己,wrap,,
1831,芳,方艹,fragrant,Emotions_and_Senses_(感),Senses
1832,邦,丿二阝,home country,,
1833,奉,｜丿二人大,observance,,
1834,宝,丶宀玉,treasure or wealth,Human_activities,Money_(銭)_and_Commerce_(商)
1835,抱,勹己扌,embrace,,
1836,放,攴方,release,,
1837,法,厶土氵,method,,
1838,泡,勹己氵,bubbles,,
1839,胞,勹己月,placenta,,
1840,俸,｜丿二人大亻,salary,Human_activities,Money_(銭)_and_Commerce_(商)
1841,倣,攴方亻,emulate,,
1842,峰,｜夂山,mountain or peak,Nature,Land_(陸)_and_Topography
1843,砲,勹口己石,cannon,,
1844,崩,山月,crumble,,
1845,訪,方言,visit,,
1846,報,亠十卩又土立辛,inform,Human_activities,Language_(語)_and_Communication
1847,蜂,｜夂虫,bee,Nature,Animals_(獣)
1848,豊,｜口日豆丷,bountiful,,
1849,飽,勹己食,sated,,
1850,褒,亠口小衣亻,praise,,
1851,縫,｜夂糸辶,to sew,Artificial_Structures_and_Products,Clothing_(服)_and_Textiles_(布)
1852,亡,亠,deceased,,
1853,乏,丶丿乙亠,scarce,,
1854,忙,亠忄亡,busy,,
1855,坊,土方,"boy, sonny",People_(人),General
1856,妨,女方,disturb,,
1857,忘,亠心亡,forget,,
1858,防,方阝,prevent,,
1859,房,戸方,tassel,,
1860,肪,方月,obese,,
1861,某,木甘,so-and-so,,
1862,冒,日目,risk,,
1863,剖,口立刂,"to halve, split in two",Numbers_(数),Calculations_(算)
1864,紡,方糸,to spin or weave,Artificial_Structures_and_Products,Clothing_(服)_and_Textiles_(布)
1865,望,月玉亡,hope,,
1866,傍,亠冖方立亻丷,bystander,,
1867,帽,巾日目,hat,Artificial_Structures_and_Products,Clothing_(服)_and_Textiles_(布)
1868,棒,｜丿二人大木,rod,Artificial_Structures_and_Products,Miscellaneous_Manufactured_Items
1869,貿,刀厶貝,trade,Human_activities,Money_(銭)_and_Commerce_(商)
1870,貌,儿白豸,appearance,,
1871,暴,｜二八日水井,violent rage,Emotions_and_Senses_(感),Emotions_(情)
1872,膨,十口土彡月豆丷,swell,,
1873,謀,木甘言,conspire,,
1874,頰,頰,cheek,,
1875,北,匕爿,North,Directions_(方)_and_Spatial_Relationships,
1876,木,木,wood,Nature,Plants_(植)_and_Trees_(樹)
1877,朴,卜木,crude,,
1878,牧,攴牛,pasture,Nature,Land_(陸)_and_Topography
1879,睦,儿土目,harmonious,,
1880,僕,玉羊亻丷,I or me,People_(人),General
1881,墨,土里黒灬,black ink,,
1882,撲,人玉羊丷扌,slap,,
1883,没,殳氵,drown,,
1884,勃,冖力十子,rise,,
1885,堀,｜土尸山,ditch,Nature,Land_(陸)_and_Topography
1886,本,木,book,Human_activities,Language_(語)_and_Communication
1887,奔,丿十大廾,bustle,,
1888,翻,冫田米羽釆,flip,,
1889,凡,丶几,mediocre,,
1890,盆,八刀皿,basin or tray,Artificial_Structures_and_Products,Miscellaneous_Manufactured_Items
1891,麻,广木,flax or hemp,Nature,Plants_(植)_and_Trees_(樹)
1892,摩,广手木麻,chafe,,
1893,磨,口广木石麻,grind,,
1894,魔,儿匕广木田鬼麻,demon,Human_activities,Religion_(宗)_and_the_Supernatural_World
1895,毎,毋,every,Numbers_(数),Counting_(計)_&_Sequence_(序)
1896,妹,｜二亠八女木,younger sister,People_(人),Family_(家_/_族)
1897,枚,攴木,counter for flat things,Numbers_(数),Counters_(個)
1898,昧,｜二亠八日木,foolish,,
1899,埋,土里,bury,,
1900,幕,大巾日艹,curtain,Artificial_Structures_and_Products,Miscellaneous_Manufactured_Items
1901,膜,大日月艹,membrane,,
1902,枕,丿乙冖尢木,pillow,Artificial_Structures_and_Products,Miscellaneous_Manufactured_Items
1903,又,又,or again,,
1904,末,｜亠八木,end,,
1905,抹,｜亠八木扌,rub,,
1906,万,｜丿,"10,000",Numbers_(数),
1907,満,｜二冂山氵,full,,
1908,慢,又日网忄,ridicule,,
1909,漫,又日网氵,cartoon,,
1910,未,｜二亠八木,not yet,,
1911,味,｜二亠八口木,flavor,,
1912,魅,｜二亠儿八匕木田鬼,fascination,,
1913,岬,｜山日田,headland,Nature,Land_(陸)_and_Topography
1914,密,丶丿宀山心,secrecy,,
1915,蜜,丶丿宀心虫,honey,Food_(食)_and_Drink_(飲),
1916,脈,厂斤月,vein,Body_(身),General_2
1917,妙,丿女小,exquisite,,
1918,民,口氏,people,People_(人),General
1919,眠,口氏目,sleep,Body_(身),Bodily_Functions
1920,矛,マ,halberd,,
1921,務,力夂矛,duty,,
1922,無,｜丿灬,nothing,,
1923,夢,冖夕网艹,dream,Body_(身),Bodily_Functions
1924,霧,力夂矛雨,fog,Nature,Weather
1925,娘,女艮,daughter,People_(人),Family_(家_/_族)
1926,名,口夕,name,People_(人),Family_(家_/_族)
1927,命,卩口个,fate,,
1928,明,日月,light,Nature,Weather
1929,迷,米辶,confusion,Emotions_and_Senses_(感),Emotions_(情)
1930,冥,亠八冖日,dark,Nature,Weather
1931,盟,日月皿,alliance,,
1932,銘,口夕金,inscription,,
1933,鳴,口鳥灬,chirp,,
1934,滅,丿戈火氵,destroy,,
1935,免,｜儿勹口,excuse,,
1936,面,面,face,,
1937,綿,巾白糸,cotton,Artificial_Structures_and_Products,Clothing_(服)_and_Textiles_(布)
1938,麺,夂面麥,noodles,Food_(食)_and_Drink_(飲),
1939,茂,丿戈艹,overgrown,,
1940,模,大日木艹,pattern,Physical_Attributes_and_Properties,Form_and_Shape_(形)
1941,毛,毛,fur,Nature,Animals_(獣)
1942,妄,亠女亡,delusion,,
1943,盲,亠目亡,blind,Emotions_and_Senses_(感),Senses
1944,耗,｜八士木毛耒,to consume,Numbers_(数),Calculations_(算)
1945,猛,子皿犭,fierce,,
1946,網,冂糸丷亡,net,Artificial_Structures_and_Products,Miscellaneous_Manufactured_Items
1947,目,目,eye,Body_(身),Head_(頭)_and_Neck_(首)
1948,黙,犬里黒灬,silence,,
1949,門,門,gates,,
1950,紋,文糸,family crest,,
1951,問,口門,question,Human_activities,Language_(語)_and_Communication
1952,冶,冫厶口,melting,,
1953,夜,亠夕亻,night,Time_(時),Divisions_of_the_Day
1954,野,亅矛里,field,Nature,Land_(陸)_and_Topography
1955,弥,丿亅小弓,all the more,,
1956,厄,卩厂,unlucky,,
1957,役,彳殳,service,,
1958,約,丶勹糸,promise,,
1959,訳,丶尸言,translate,,
1960,薬,冫日木艹,drug,Body_(身),Health_(体)
1961,躍,口彐足隹,leap,,
1962,闇,日立門音,dark,Nature,Weather
1963,由,｜日田,reason,,
1964,油,｜日田氵,oil,Nature,Natural_Substances
1965,喩,口月个刂,metaphor,,
1966,愉,月个刂忄,pleasure,,
1967,諭,月言个刂,rebuke,,
1968,輸,月車个刂,transport,,
1969,癒,心月疒个刂,heal,Body_(身),Health_(体)
1970,唯,口隹,solely,,
1971,友,丿又,friend,People_(人),Roles_and_status
1972,有,丿月,have,,
1973,勇,力田マ,courage,,
1974,幽,｜凵幺,dark or hidden,Human_activities,Religion_(宗)_and_the_Supernatural_World
1975,悠,｜夂心攴亻,permanence,,
1976,郵,｜丿阝,mail,,
1977,湧,力田マ氵,boil,,
1978,猶,酉丷犭,furthermore,,
1979,裕,八口谷个衤,abundant,,
1980,遊,子方辶,play,,
1981,雄,丿厶隹,male,,
1982,誘,禾言乃,entice,,
1983,憂,冖夂心自,worry,Emotions_and_Senses_(感),Emotions_(情)
1984,融,儿冂口虫鬲,dissolve,,
1985,優,冖夂心白亻,superior,,
1986,与,勹卜,give,,
1987,予,亅マ,in advance,,
1988,余,亅二八示个,leave over,,
1989,誉,言丷尚,reputation,,
1990,預,亅欠貝頁マ,deposit,,
1991,幼,力幺,infancy,,
1992,用,用,use,,
1993,羊,玉丷,sheep,Nature,Animals_(獣)
1994,妖,丿大女,goblin or yōkai,Human_activities,Religion_(宗)_and_the_Supernatural_World
1995,洋,玉羊丷氵,ocean,Nature,Land_(陸)_and_Topography
1996,要,女襾,need,,
1997,容,八口宀穴谷个,contain,,
1998,庸,广彐用聿,commonplace,,
1999,揚,日扌勿,to fry,Food_(食)_and_Drink_(飲),Cooking_(炊)
2000,揺,凵干爪缶扌,swing,,
2001,葉,木艹世,leaf,Nature,Plants_(植)_and_Trees_(樹)
2002,陽,日阝勿,Yang principle,Human_activities,Religion_(宗)_and_the_Supernatural_World
2003,溶,八口宀穴谷个氵,melt,,
2004,腰,女月襾,waist,Body_(身),Torso_and_organs
2005,様,木水玉羊丷,formal title,,
2006,瘍,丿勹日疒,ulcer,Body_(身),Health_(体)
2007,踊,口用足マ,jump,Body_(身),Actions
2008,窯,儿宀玉穴羊丷灬,kiln or stove,Artificial_Structures_and_Products,Miscellaneous_Manufactured_Items
2009,養,玉羊食丷,foster,,
2010,擁,亠隹扌,embrace,,
2011,謡,凵干爪缶言,"song, noh chant",Human_activities,Culture
2012,曜,彐日隹,day of week,Time_(時),Divisions_of_the_Year
2013,抑,卩扌,repress,,
2014,沃,丿大氵,fertility,,
2015,浴,八口谷个氵,bathe,,
2016,欲,八口欠谷个,desire,Emotions_and_Senses_(感),Emotions_(情)
2017,翌,冫立羽,the following,Numbers_(数),Counting_(計)_&_Sequence_(序)
2018,翼,｜二八冫田羽井,wing,Nature,Animals_(獣)
2019,拉,立扌,crush,,
2020,裸,木田衤,naked,,
2021,羅,糸网隹,gauze,,
2022,来,｜二亠木米,to come,Directions_(方)_and_Spatial_Relationships,Movement
2023,雷,田雨,thunder,Nature,Weather
2024,頼,｜八口木貝頁,trust,,
2025,絡,口夂糸,entwine,,
2026,落,口夂氵艹,to fall,Directions_(方)_and_Spatial_Relationships,Movement
2027,酪,口夂酉,dairy products,Food_(食)_and_Drink_(飲),
2028,辣,｜十口木立辛,spicy,Emotions_and_Senses_(感),Senses
2029,乱,乙口舌,riot,,
2030,卵,丶丿卜,egg,Food_(食)_and_Drink_(飲),
2031,覧,丿二臣見,perusal,,
2032,濫,丿二皿臣氵,excessive,,
2033,藍,丿二皿臣艹,indigo,Physical_Attributes_and_Properties,Colours_(色)
2034,欄,｜日木田門,column,,
2035,吏,丶丿口,officer,,
2036,利,禾刂,profit,,
2037,里,里,countryside,Nature,Land_(陸)_and_Topography
2038,理,玉里,reason,Emotions_and_Senses_(感),Judgment_(評)
2039,痢,疒禾刂,diarrhea,Body_(身),Health_(体)
2040,裏,亠衣里,rear,Directions_(方)_and_Spatial_Relationships,
2041,履,夂尸彳日,footwear,Artificial_Structures_and_Products,Clothing_(服)_and_Textiles_(布)
2042,璃,亠凵玉禸,glassy,,
2043,離,亠凵禸隹,detach,,
2044,陸,儿土阝,land,,
2045,立,立,stand up,Body_(身),Actions
2046,律,彳聿,law,,
2047,慄,木襾忄,fear,Emotions_and_Senses_(感),Emotions_(情)
2048,略,口夂田,abbreviation,,
2049,柳,卩木,willow,Nature,Plants_(植)_and_Trees_(樹)
2050,流,亠厶巛氵,stream,,
2051,留,刀厶田,detain,,
2052,竜,乙田立,dragon,Human_activities,Religion_(宗)_and_the_Supernatural_World
2053,粒,立米,grain,Food_(食)_and_Drink_(飲),
2054,隆,夂生阝,hump,,
2055,硫,亠厶口巛石,sulphur,Nature,Natural_Substances
2056,侶,｜口亻,companion,,
2057,旅,丿方,to travel,Directions_(方)_and_Spatial_Relationships,Movement
2058,虜,力匕卜厂田虍,captive,,
2059,慮,匕卜厂心田虍,prudence,,
2060,了,亅,finish,,
2061,両,｜冂山,both,Numbers_(数),Counting_(計)_&_Sequence_(序)
2062,良,艮,good,Emotions_and_Senses_(感),Judgment_(評)
2063,料,斗米,fee,Human_activities,Money_(銭)_and_Commerce_(商)
2064,涼,亠口小氵,refreshing,,
2065,猟,几用尚犭,game-hunting,,
2066,陵,儿土夂阝,mausoleum,,
2067,量,日里,quantity,,
2068,僚,小日亻,colleague,People_(人),Roles_and_status
2069,領,卩貝頁个,territory,,
2070,寮,宀小日个丷,dormitory,,
2071,療,小日疒个丷,heal,Body_(身),Health_(体)
2072,瞭,小日目个丷,clear,,
2073,糧,日米里,provisions,,
2074,力,力,power,Artificial_Structures_and_Products,Vehicles_(車)_and_Machines_(機)
2075,緑,彐水糸隶,green,Physical_Attributes_and_Properties,Colours_(色)
2076,林,木,grove,Nature,Plants_(植)_and_Trees_(樹)
2077,厘,厂里,(around 0.3 mm),Numbers_(数),Units_of_Measurement_(測)
2078,倫,｜亅个亻冊,ethics,,
2079,輪,｜車个冊,counter for flowers or wheels,Numbers_(数),Counters_(個)
2080,隣,夕米舛阝,neighbour,People_(人),Roles_and_status
2081,臨,丿口臣品,look to,,
2082,瑠,刀厶玉田,lapis lazuli,,
2083,涙,大戸氵,tear,Body_(身),Bodily_Functions
2084,累,田糸,accumulate,,
2085,塁,冫土田,bases,,
2086,類,大米貝頁,sort,,
2087,令,卩个,orders,,
2088,礼,乙礻,thanks,,
2089,冷,冫卩个,cold,Nature,Weather
2090,励,力厂斤,encourage,,
2091,戻,大戸,re-,,
2092,例,歹亻刂,example,,
2093,鈴,卩金个,bell,Artificial_Structures_and_Products,Miscellaneous_Manufactured_Items
2094,零,卩雨个,0,Numbers_(数),
2095,霊,｜二雨,spirit,Human_activities,Religion_(宗)_and_the_Supernatural_World
2096,隷,二士小彐水隶,underling,People_(人),Roles_and_status
2097,齢,凵卩止米齒个,age,,
2098,麗,冂广比鹿,lovely,,
2099,暦,厂广日木麻,calendar,Time_(時),Divisions_of_the_Year
2100,歴,厂广木止麻,curriculum,,
2101,列,歹刂,"line, row",Physical_Attributes_and_Properties,Form_and_Shape_(形)
2102,劣,丿力小,inferiority,,
2103,烈,歹刂灬,ardent,,
2104,裂,歹衣刂,split,,
2105,恋,亠八心,love,Emotions_and_Senses_(感),Emotions_(情)
2106,連,車辶,take along,,
2107,廉,｜八广彐丷,cheap,Human_activities,Money_(銭)_and_Commerce_(商)
2108,練,｜八日木田糸,practice,,
2109,錬,｜八日木田金丷,tempering,,
2110,呂,口,backbone,Body_(身),Torso_and_organs
2111,炉,戸火,hearth,,
2112,賂,口夂貝,bribe,Human_activities,Money_(銭)_and_Commerce_(商)
2113,路,口夂足,road,,
2114,露,口夂足雨,dew,Nature,Weather
2115,老,老,old,Time_(時),
2116,労,冖力尚,labour,,
2117,弄,廾玉,tamper with,,
2118,郎,艮阝,"son, boy",People_(人),General
2119,朗,月艮,melodious,,
2120,浪,艮氵,wandering,,
2121,廊,广艮阝,corridor,,
2122,楼,女木米,watchtower,,
2123,漏,尸雨氵,leak,,
2124,籠,月立竹,basket,Artificial_Structures_and_Products,Miscellaneous_Manufactured_Items
2125,六,亠八,6,Numbers_(数),
2126,録,彐水金隶,record,,
2127,麓,广木比鹿,foot of mountain,Nature,Land_(陸)_and_Topography
2128,論,｜言个冊,discourse,Human_activities,Language_(語)_and_Communication
2129,和,口禾,peace,,
2130,話,口舌言,speak,Human_activities,Language_(語)_and_Communication
2131,賄,丿月貝,bribe,Human_activities,Money_(銭)_and_Commerce_(商)
2132,脇,力月,armpit,Body_(身),Limbs_(肢)
2133,惑,口心戈,bewilderment,Emotions_and_Senses_(感),Emotions_(情)
2134,枠,十木九,"border, frame",Physical_Attributes_and_Properties,Form_and_Shape_(形)
2135,湾,亠弓氵,bay or gulf,Nature,Land_(陸)_and_Topography
2136,腕,卩夕宀月,arm,Body_(身),Limbs_(肢)
