kanji,meaning,h2,h3,h4
黒,black,Physical_Attributes_and_Properties,Colours_(色),
青,blue,Physical_Attributes_and_Properties,Colours_(色),
紅,crimson,Physical_Attributes_and_Properties,Colours_(色),
棕,brown,Physical_Attributes_and_Properties,Colours_(色),
褐,brown,Physical_Attributes_and_Properties,Colours_(色),
紺,dark blue,Physical_Attributes_and_Properties,Colours_(色),
金,gold,Physical_Attributes_and_Properties,Colours_(色),
緑,green,Physical_Attributes_and_Properties,Colours_(色),
灰,grey,Physical_Attributes_and_Properties,Colours_(色),
藍,indigo,Physical_Attributes_and_Properties,Colours_(色),
橙,orange,Physical_Attributes_and_Properties,Colours_(色),
粉,pink,Physical_Attributes_and_Properties,Colours_(色),
赤,red,Physical_Attributes_and_Properties,Colours_(色),
緋,scarlet,Physical_Attributes_and_Properties,Colours_(色),
銀,silver,Physical_Attributes_and_Properties,Colours_(色),
朱,vermilion,Physical_Attributes_and_Properties,Colours_(色),
紫,violet,Physical_Attributes_and_Properties,Colours_(色),
白,white,Physical_Attributes_and_Properties,Colours_(色),
黄,yellow,Physical_Attributes_and_Properties,Colours_(色),
彩,brightly coloured,Physical_Attributes_and_Properties,Colours_(色),
角,angle,Physical_Attributes_and_Properties,Form_and_Shape_(形),
弧,arc,Physical_Attributes_and_Properties,Form_and_Shape_(形),
玉,ball,Physical_Attributes_and_Properties,Form_and_Shape_(形),
枠,"border, frame",Physical_Attributes_and_Properties,Form_and_Shape_(形),
境,boundary,Physical_Attributes_and_Properties,Form_and_Shape_(形),
円,circle,Physical_Attributes_and_Properties,Form_and_Shape_(形),
丸,circular,Physical_Attributes_and_Properties,Form_and_Shape_(形),
凹,concave,Physical_Attributes_and_Properties,Form_and_Shape_(形),
凸,convex,Physical_Attributes_and_Properties,Form_and_Shape_(形),
隅,corner,Physical_Attributes_and_Properties,Form_and_Shape_(形),
曲,curve,Physical_Attributes_and_Properties,Form_and_Shape_(形),
柄,"design, pattern",Physical_Attributes_and_Properties,Form_and_Shape_(形),
斜,diagonal,Physical_Attributes_and_Properties,Form_and_Shape_(形),
縁,edge or border,Physical_Attributes_and_Properties,Form_and_Shape_(形),
端,edge or border,Physical_Attributes_and_Properties,Form_and_Shape_(形),
端,"end, tip",Physical_Attributes_and_Properties,Form_and_Shape_(形),
姿,figure,Physical_Attributes_and_Properties,Form_and_Shape_(形),
巨,huge,Physical_Attributes_and_Properties,Form_and_Shape_(形),
大,large,Physical_Attributes_and_Properties,Form_and_Shape_(形),
線,line,Physical_Attributes_and_Properties,Form_and_Shape_(形),
列,"line, row",Physical_Attributes_and_Properties,Form_and_Shape_(形),
並,line up,Physical_Attributes_and_Properties,Form_and_Shape_(形),
長,long,Physical_Attributes_and_Properties,Form_and_Shape_(形),
微,minute,Physical_Attributes_and_Properties,Form_and_Shape_(形),
狭,narrow,Physical_Attributes_and_Properties,Form_and_Shape_(形),
模,pattern,Physical_Attributes_and_Properties,Form_and_Shape_(形),
周,perimeter,Physical_Attributes_and_Properties,Form_and_Shape_(形),
環,"ring, surround",Physical_Attributes_and_Properties,Form_and_Shape_(形),
輪,"ring, surround",Physical_Attributes_and_Properties,Form_and_Shape_(形),
短,short,Physical_Attributes_and_Properties,Form_and_Shape_(形),
側,side,Physical_Attributes_and_Properties,Form_and_Shape_(形),
小,small,Physical_Attributes_and_Properties,Form_and_Shape_(形),
球,sphere,Physical_Attributes_and_Properties,Form_and_Shape_(形),
圏,sphere,Physical_Attributes_and_Properties,Form_and_Shape_(形),
高,tall,Physical_Attributes_and_Properties,Form_and_Shape_(形),
広,wide,Physical_Attributes_and_Properties,Form_and_Shape_(形),
幅,width,Physical_Attributes_and_Properties,Form_and_Shape_(形),
浄,clean,Physical_Attributes_and_Properties,Miscellaneous_properties,
冷,cold,Physical_Attributes_and_Properties,Miscellaneous_properties,
寒,cold,Physical_Attributes_and_Properties,Miscellaneous_properties,
濃,concentrated,Physical_Attributes_and_Properties,Miscellaneous_properties,
湿,damp,Physical_Attributes_and_Properties,Miscellaneous_properties,
深,deep,Physical_Attributes_and_Properties,Miscellaneous_properties,
微,delicate,Physical_Attributes_and_Properties,Miscellaneous_properties,
薄,dilute or thin,Physical_Attributes_and_Properties,Miscellaneous_properties,
汚,dirty,Physical_Attributes_and_Properties,Miscellaneous_properties,
干,dry,Physical_Attributes_and_Properties,Miscellaneous_properties,
乾,dry,Physical_Attributes_and_Properties,Miscellaneous_properties,
太,fat or thick,Physical_Attributes_and_Properties,Miscellaneous_properties,
緻,fine,Physical_Attributes_and_Properties,Miscellaneous_properties,
固,firm or solid,Physical_Attributes_and_Properties,Miscellaneous_properties,
艶,glossy,Physical_Attributes_and_Properties,Miscellaneous_properties,
重,heavy,Physical_Attributes_and_Properties,Miscellaneous_properties,
硬,hard,Physical_Attributes_and_Properties,Miscellaneous_properties,
暑,hot,Physical_Attributes_and_Properties,Miscellaneous_properties,
熱,hot,Physical_Attributes_and_Properties,Miscellaneous_properties,
軽,light (weight),Physical_Attributes_and_Properties,Miscellaneous_properties,
液,liquid,Physical_Attributes_and_Properties,Miscellaneous_properties,
潤,moist,Physical_Attributes_and_Properties,Miscellaneous_properties,
浅,shallow,Physical_Attributes_and_Properties,Miscellaneous_properties,
鋭,sharp,Physical_Attributes_and_Properties,Miscellaneous_properties,
細,slender,Physical_Attributes_and_Properties,Miscellaneous_properties,
軟,soft,Physical_Attributes_and_Properties,Miscellaneous_properties,
粘,sticky,Physical_Attributes_and_Properties,Miscellaneous_properties,
強,strong,Physical_Attributes_and_Properties,Miscellaneous_properties,
厚,thick,Physical_Attributes_and_Properties,Miscellaneous_properties,
温,warm,Physical_Attributes_and_Properties,Miscellaneous_properties,
暖,warm,Physical_Attributes_and_Properties,Miscellaneous_properties,
弱,weak,Physical_Attributes_and_Properties,Miscellaneous_properties,
央,Centre,Directions_(方)_and_Spatial_Relationships,,
東,East,Directions_(方)_and_Spatial_Relationships,,
北,North,Directions_(方)_and_Spatial_Relationships,,
南,South,Directions_(方)_and_Spatial_Relationships,,
西,West,Directions_(方)_and_Spatial_Relationships,,
後,back,Directions_(方)_and_Spatial_Relationships,,
間,between,Directions_(方)_and_Spatial_Relationships,,
底,bottom,Directions_(方)_and_Spatial_Relationships,,
遠,distant,Directions_(方)_and_Spatial_Relationships,,
下,down,Directions_(方)_and_Spatial_Relationships,,
前,front,Directions_(方)_and_Spatial_Relationships,,
入,in,Directions_(方)_and_Spatial_Relationships,,
内,inside,Directions_(方)_and_Spatial_Relationships,,
奥,interior,Directions_(方)_and_Spatial_Relationships,,
左,left,Directions_(方)_and_Spatial_Relationships,,
中,middle,Directions_(方)_and_Spatial_Relationships,,
近,near,Directions_(方)_and_Spatial_Relationships,,
出,out,Directions_(方)_and_Spatial_Relationships,,
外,outside,Directions_(方)_and_Spatial_Relationships,,
裏,rear,Directions_(方)_and_Spatial_Relationships,,
右,right,Directions_(方)_and_Spatial_Relationships,,
向,toward,Directions_(方)_and_Spatial_Relationships,,
上,up,Directions_(方)_and_Spatial_Relationships,,
浩,vast,Directions_(方)_and_Spatial_Relationships,,
来,to come,Directions_(方)_and_Spatial_Relationships,Movement,
离,to depart or to leave,Directions_(方)_and_Spatial_Relationships,Movement,
圜,to encircle,Directions_(方)_and_Spatial_Relationships,Movement,
落,to fall,Directions_(方)_and_Spatial_Relationships,Movement,
墜,to fall,Directions_(方)_and_Spatial_Relationships,Movement,
行,to go or to perform,Directions_(方)_and_Spatial_Relationships,Movement,
往,to go to,Directions_(方)_and_Spatial_Relationships,Movement,
越,to pass or go beyond,Directions_(方)_and_Spatial_Relationships,Movement,
揚,to raise,Directions_(方)_and_Spatial_Relationships,Movement,
帰,to return,Directions_(方)_and_Spatial_Relationships,Movement,
倒,to reverse,Directions_(方)_and_Spatial_Relationships,Movement,
搬,to transport,Directions_(方)_and_Spatial_Relationships,Movement,
旅,to travel,Directions_(方)_and_Spatial_Relationships,Movement,
赴,to visit,Directions_(方)_and_Spatial_Relationships,Movement,
零,0,Numbers_(数),,
一,1,Numbers_(数),,
二,2,Numbers_(数),,
三,3,Numbers_(数),,
四,4,Numbers_(数),,
五,5,Numbers_(数),,
六,6,Numbers_(数),,
七,7,Numbers_(数),,
八,8,Numbers_(数),,
九,9,Numbers_(数),,
十,10,Numbers_(数),,
百,100,Numbers_(数),,
千,"1,000",Numbers_(数),,
万,"10,000",Numbers_(数),,
億,"100,000,000",Numbers_(数),,
兆,"1,000,000,000,000",Numbers_(数),,
加,to add,Numbers_(数),Calculations_(算),
耗,to consume,Numbers_(数),Calculations_(算),
減,"to decrease, to subtract",Numbers_(数),Calculations_(算),
分,to divide,Numbers_(数),Calculations_(算),
除,to divide,Numbers_(数),Calculations_(算),
倍,"to double, times",Numbers_(数),Calculations_(算),
剖,"to halve, split in two",Numbers_(数),Calculations_(算),
増,to increase,Numbers_(数),Calculations_(算),
殖,to increase,Numbers_(数),Calculations_(算),
乘,to multiply,Numbers_(数),Calculations_(算),
縮,"to reduce, shrink",Numbers_(数),Calculations_(算),
匹,counter for animals,Numbers_(数),Counters_(個),
羽,"counter for animals, birds and rabbits",Numbers_(数),Counters_(個),
頭,"counter for animals, large",Numbers_(数),Counters_(個),
疋,"counter for animals, small or insects",Numbers_(数),Counters_(個),
箇,counter for articles,Numbers_(数),Counters_(個),
札,counter for bonds or tickets,Numbers_(数),Counters_(個),
冊,counter for books,Numbers_(数),Counters_(個),
斤,"counter for bread, loaves",Numbers_(数),Counters_(個),
杯,counter for cupfuls,Numbers_(数),Counters_(個),
本,counter for cylindrical things,Numbers_(数),Counters_(個),
枚,counter for flat things,Numbers_(数),Counters_(個),
輪,counter for flowers or wheels,Numbers_(数),Counters_(個),
足,"counter for footwear, pairs",Numbers_(数),Counters_(個),
軒,counter for houses,Numbers_(数),Counters_(個),
戸,counter for houses,Numbers_(数),Counters_(個),
台,counter for machines and vehicles,Numbers_(数),Counters_(個),
人,counter for people,Numbers_(数),Counters_(個),
隻,counter for ships,Numbers_(数),Counters_(個),
畳,counter for tatami mats,Numbers_(数),Counters_(個),
丁,miscellaneous counter,Numbers_(数),Counters_(個),
番,numerical order,Numbers_(数),Counting_(計)_&_Sequence_(序),
初,first,Numbers_(数),Counting_(計)_&_Sequence_(序),
乙,second,Numbers_(数),Counting_(計)_&_Sequence_(序),
丙,third,Numbers_(数),Counting_(計)_&_Sequence_(序),
第,ordinal marker,Numbers_(数),Counting_(計)_&_Sequence_(序),
両,both,Numbers_(数),Counting_(計)_&_Sequence_(序),
桁,digit,Numbers_(数),Counting_(計)_&_Sequence_(序),
各,each,Numbers_(数),Counting_(計)_&_Sequence_(序),
毎,every,Numbers_(数),Counting_(計)_&_Sequence_(序),
少,few,Numbers_(数),Counting_(計)_&_Sequence_(序),
翌,the following,Numbers_(数),Counting_(計)_&_Sequence_(序),
半,half,Numbers_(数),Counting_(計)_&_Sequence_(序),
多,many,Numbers_(数),Counting_(計)_&_Sequence_(序),
次,next,Numbers_(数),Counting_(計)_&_Sequence_(序),
双,pair,Numbers_(数),Counting_(計)_&_Sequence_(序),
順,sequence,Numbers_(数),Counting_(計)_&_Sequence_(序),
坪,two-mat area (around 3.3 m²),Numbers_(数),Units_of_Measurement_(測),
畝,30 tsubo (99 m2),Numbers_(数),Units_of_Measurement_(測),
尺,Japanese foot (around 30 cm),Numbers_(数),Units_of_Measurement_(測),
寸,1/10 Japanese foot (around 3 cm),Numbers_(数),Units_of_Measurement_(測),
厘,(around 0.3 mm),Numbers_(数),Units_of_Measurement_(測),
里,league (around 3.9 km),Numbers_(数),Units_of_Measurement_(測),
勺,ladle (around 18 ml),Numbers_(数),Units_of_Measurement_(測),
升,(around 1.8 l),Numbers_(数),Units_of_Measurement_(測),
斗,(around 18 l),Numbers_(数),Units_of_Measurement_(測),
石,(around 180 l),Numbers_(数),Units_of_Measurement_(測),
匁,(around 3.75 grams),Numbers_(数),Units_of_Measurement_(測),
斤,(around 600 g),Numbers_(数),Units_of_Measurement_(測),
後,after,Time_(時),,
先,"ahead, previous",Time_(時),,
昔,antiquity,Time_(時),,
前,before,Time_(時),,
始,begin,Time_(時),,
早,early,Time_(時),,
終,end,Time_(時),,
紀,era,Time_(時),,
永,eternity,Time_(時),,
旧,former,Time_(時),,
曽,formerly,Time_(時),,
間,interval of time,Time_(時),,
遅,late,Time_(時),,
久,long ago,Time_(時),,
際,"moment, occasion",Time_(時),,
新,new,Time_(時),,
今,now,Time_(時),,
回,number of times,Time_(時),,
度,number of times,Time_(時),,
古,old,Time_(時),,
老,old,Time_(時),,
昨,previous time,Time_(時),,
近,recent,Time_(時),,
頃,"time, about",Time_(時),,
期,time period,Time_(時),,
暫,a while,Time_(時),,
若,young,Time_(時),,
日,Sunday,Time_(時),Days_of_the_Week_(曜),
月,Monday,Time_(時),Days_of_the_Week_(曜),
火,Tuesday,Time_(時),Days_of_the_Week_(曜),
水,Wednesday,Time_(時),Days_of_the_Week_(曜),
木,Thursday,Time_(時),Days_of_the_Week_(曜),
金,Friday,Time_(時),Days_of_the_Week_(曜),
土,Saturday,Time_(時),Days_of_the_Week_(曜),
鐘,clock,Time_(時),Divisions_of_the_Day,
昼,daytime,Time_(時),Divisions_of_the_Day,
宵,early evening,Time_(時),Divisions_of_the_Day,
夕,evening,Time_(時),Divisions_of_the_Day,
晩,evening,Time_(時),Divisions_of_the_Day,
時,hour,Time_(時),Divisions_of_the_Day,
分,minute,Time_(時),Divisions_of_the_Day,
朝,morning,Time_(時),Divisions_of_the_Day,
夜,night,Time_(時),Divisions_of_the_Day,
午,noon,Time_(時),Divisions_of_the_Day,
旭,rising sun,Time_(時),Divisions_of_the_Day,
秒,second,Time_(時),Divisions_of_the_Day,
暁,sunrise,Time_(時),Divisions_of_the_Day,
旦,sunrise,Time_(時),Divisions_of_the_Day,
暮,sunset,Time_(時),Divisions_of_the_Day,
暦,calendar,Time_(時),Divisions_of_the_Year,
日,day,Time_(時),Divisions_of_the_Year,
曜,day of week,Time_(時),Divisions_of_the_Year,
月,month,Time_(時),Divisions_of_the_Year,
旬,period of 10 days,Time_(時),Divisions_of_the_Year,
週,week,Time_(時),Divisions_of_the_Year,
年,year,Time_(時),Divisions_of_the_Year,
節,"season, period",Time_(時),Seasons_(季_/_候),
春,Spring,Time_(時),Seasons_(季_/_候),
夏,Summer,Time_(時),Seasons_(季_/_候),
秋,Autumn,Time_(時),Seasons_(季_/_候),
冬,Winter,Time_(時),Seasons_(季_/_候),
欃,comet,Nature,Sky,
食,eclipse,Nature,Sky,
天,"heaven, sky",Nature,Sky,
月,moon,Nature,Sky,
星,star,Nature,Sky,
日,sun,Nature,Sky,
宇,universe,Nature,Sky,
空,"void, sky",Nature,Sky,
気,air,Nature,Natural_Substances,
窒,nitrogen,Nature,Natural_Substances,
氧,oxygen,Nature,Natural_Substances,
汽,steam or vapour,Nature,Natural_Substances,
酸,acid or vinegar,Nature,Natural_Substances,
脂,fat or resin,Nature,Natural_Substances,
油,oil,Nature,Natural_Substances,
水,water,Nature,Natural_Substances,
灰,ash,Nature,Natural_Substances,
丹,cinnabar,Nature,Natural_Substances,
炭,coal,Nature,Natural_Substances,
銅,copper,Nature,Natural_Substances,
晶,crystal,Nature,Natural_Substances,
土,earth,Nature,Natural_Substances,
地,ground,Nature,Natural_Substances,
氷,ice,Nature,Natural_Substances,
鉄,iron,Nature,Natural_Substances,
玉,jewel,Nature,Natural_Substances,
鉛,lead,Nature,Natural_Substances,
金,metal or gold,Nature,Natural_Substances,
泥,mud,Nature,Natural_Substances,
鉱,ore,Nature,Natural_Substances,
珠,pearl or jewel,Nature,Natural_Substances,
銑,pig iron,Nature,Natural_Substances,
塩,salt,Nature,Natural_Substances,
砂,sand,Nature,Natural_Substances,
沙,sand,Nature,Natural_Substances,
銀,silver,Nature,Natural_Substances,
鋼,steel,Nature,Natural_Substances,
石,stone,Nature,Natural_Substances,
硫,sulphur,Nature,Natural_Substances,
材,timber or material,Nature,Natural_Substances,
錫,tin,Nature,Natural_Substances,
鋅,zinc,Nature,Natural_Substances,
晴,clear or fine weather,Nature,Weather,
候,climate,Nature,Weather,
雲,cloud,Nature,Weather,
曇,cloudy,Nature,Weather,
冷,cold,Nature,Weather,
霧,fog,Nature,Weather,
霞,haze,Nature,Weather,
霜,frost,Nature,Weather,
雹,hail,Nature,Weather,
熱,heat,Nature,Weather,
閃,lightning,Nature,Weather,
靄,mist,Nature,Weather,
災,natural disaster,Nature,Weather,
𠆭,overcast,Nature,Weather,
雨,rain,Nature,Weather,
虹,rainbow,Nature,Weather,
雪,snow,Nature,Weather,
嵐,storm,Nature,Weather,
雷,thunder,Nature,Weather,
風,wind,Nature,Weather,
炎,blaze or flame,Nature,Weather,
焰,blaze or flame,Nature,Weather,
暗,dark,Nature,Weather,
闇,dark,Nature,Weather,
冥,dark,Nature,Weather,
露,dew,Nature,Weather,
震,earthquake,Nature,Weather,
電,electricity,Nature,Weather,
火,fire,Nature,Weather,
洪,flood,Nature,Weather,
煙,fumes or smoke,Nature,Weather,
光,light,Nature,Weather,
明,light,Nature,Weather,
磁,magnet,Nature,Weather,
影,shadow,Nature,Weather,
潮,tide,Nature,Weather,
波,wave,Nature,Weather,
渦,whirlpool,Nature,Weather,
岩,boulder or rock,Nature,Land_(陸)_and_Topography,
巌,boulder or rock,Nature,Land_(陸)_and_Topography,
窟,cave,Nature,Land_(陸)_and_Topography,
崖,cliff,Nature,Land_(陸)_and_Topography,
里,countryside,Nature,Land_(陸)_and_Topography,
漠,desert,Nature,Land_(陸)_and_Topography,
堀,ditch,Nature,Land_(陸)_and_Topography,
堤,embankment,Nature,Land_(陸)_and_Topography,
壌,fertile soil,Nature,Land_(陸)_and_Topography,
野,field,Nature,Land_(陸)_and_Topography,
畑,field,Nature,Land_(陸)_and_Topography,
原,field,Nature,Land_(陸)_and_Topography,
麓,foot of mountain,Nature,Land_(陸)_and_Topography,
峡,gorge,Nature,Land_(陸)_and_Topography,
岬,headland,Nature,Land_(陸)_and_Topography,
丘,hill,Nature,Land_(陸)_and_Topography,
岡,hill,Nature,Land_(陸)_and_Topography,
阜,hill,Nature,Land_(陸)_and_Topography,
山,mountain or peak,Nature,Land_(陸)_and_Topography,
岳,mountain or peak,Nature,Land_(陸)_and_Topography,
峰,mountain or peak,Nature,Land_(陸)_and_Topography,
峠,mountain pass,Nature,Land_(陸)_and_Topography,
溪,mountain stream or valley,Nature,Land_(陸)_and_Topography,
牧,pasture,Nature,Land_(陸)_and_Topography,
渓,ravine,Nature,Land_(陸)_and_Topography,
田,rice paddy,Nature,Land_(陸)_and_Topography,
坂,slope,Nature,Land_(陸)_and_Topography,
谷,valley,Nature,Land_(陸)_and_Topography,
湾,bay or gulf,Nature,Land_(陸)_and_Topography,
浜,beach,Nature,Land_(陸)_and_Topography,
浦,beach,Nature,Land_(陸)_and_Topography,
崎,cape or promontory,Nature,Land_(陸)_and_Topography,
埼,cape or promontory,Nature,Land_(陸)_and_Topography,
沖,"high seas, offshore",Nature,Land_(陸)_and_Topography,
島,island,Nature,Land_(陸)_and_Topography,
潟,lagoon,Nature,Land_(陸)_and_Topography,
洋,ocean,Nature,Land_(陸)_and_Topography,
瀬,rapids or shallows,Nature,Land_(陸)_and_Topography,
礁,reef,Nature,Land_(陸)_and_Topography,
海,sea,Nature,Land_(陸)_and_Topography,
磯,seashore,Nature,Land_(陸)_and_Topography,
岸,shore,Nature,Land_(陸)_and_Topography,
江,creek,Nature,Land_(陸)_and_Topography,
湖,lake,Nature,Land_(陸)_and_Topography,
畔,levee,Nature,Land_(陸)_and_Topography,
沼,marsh,Nature,Land_(陸)_and_Topography,
池,pond,Nature,Land_(陸)_and_Topography,
川,river,Nature,Land_(陸)_and_Topography,
河,stream,Nature,Land_(陸)_and_Topography,
沢,swamp,Nature,Land_(陸)_and_Topography,
泉,water spring,Nature,Land_(陸)_and_Topography,
滝,waterfall,Nature,Land_(陸)_and_Topography,
蛙,frog,Nature,Animals_(獣),
蠑,salamander,Nature,Animals_(獣),
鯢,salamander,Nature,Animals_(獣),
鶏,chicken,Nature,Animals_(獣),
鶴,crane,Nature,Animals_(獣),
烏/鴉,crow,Nature,Animals_(獣),
鳩,"dove, pigeon",Nature,Animals_(獣),
鴨,duck,Nature,Animals_(獣),
鷲,eagle,Nature,Animals_(獣),
鷺,egret or heron,Nature,Animals_(獣),
鷹,hawk,Nature,Animals_(獣),
鶯,"oriole, nightingale, warbler",Nature,Animals_(獣),
梟,owl,Nature,Animals_(獣),
鶉,quail,Nature,Animals_(獣),
鴎,seagull,Nature,Animals_(獣),
雀,sparrow,Nature,Animals_(獣),
燕,swallow,Nature,Animals_(獣),
鰤,amberjack,Nature,Animals_(獣),
鰍,bullhead,Nature,Animals_(獣),
鯉,carp,Nature,Animals_(獣),
鯰,catfish,Nature,Animals_(獣),
鱈,cod,Nature,Animals_(獣),
鮒,crucian carp,Nature,Animals_(獣),
鰻,eel,Nature,Animals_(獣),
鰈/鮃,flounder,Nature,Animals_(獣),
鯊,goby,Nature,Animals_(獣),
鰊,herring,Nature,Animals_(獣),
鯵,horse mackerel / scad,Nature,Animals_(獣),
鯖,mackerel,Nature,Animals_(獣),
鮠,minnow,Nature,Animals_(獣),
蛸,octopus,Nature,Animals_(獣),
鱸,sea bass,Nature,Animals_(獣),
鯛,sea bream,Nature,Animals_(獣),
鮭,salmon,Nature,Animals_(獣),
鮫,shark,Nature,Animals_(獣),
貝,shellfish,Nature,Animals_(獣),
鮃,sole,Nature,Animals_(獣),
鰯,sardine,Nature,Animals_(獣),
鰌,stone loach,Nature,Animals_(獣),
鱒,trout,Nature,Animals_(獣),
蟻,ant,Nature,Animals_(獣),
蜂,bee,Nature,Animals_(獣),
蛣,beetle,Nature,Animals_(獣),
蝶,butterfly,Nature,Animals_(獣),
螗,cicada,Nature,Animals_(獣),
蝉,cicada,Nature,Animals_(獣),
蜻,dragonfly,Nature,Animals_(獣),
蛍,firefly,Nature,Animals_(獣),
螳,mantis,Nature,Animals_(獣),
蚊,mosquito,Nature,Animals_(獣),
蛾,moth,Nature,Animals_(獣),
蚕,silkworm,Nature,Animals_(獣),
蛆,worm/grub/maggot,Nature,Animals_(獣),
獾,badger,Nature,Animals_(獣),
蝠,bat,Nature,Animals_(獣),
熊,bear,Nature,Animals_(獣),
猫,cat,Nature,Animals_(獣),
牛,DEFAULT,Nature,Animals_(獣),
鹿,deer,Nature,Animals_(獣),
犬,dog,Nature,Animals_(獣),
狗,dog,Nature,Animals_(獣),
鯆,dolphin,Nature,Animals_(獣),
象,elephant,Nature,Animals_(獣),
狐,fox,Nature,Animals_(獣),
馬,horse,Nature,Animals_(獣),
豹,leopard,Nature,Animals_(獣),
獅,lion,Nature,Animals_(獣),
畜,livestock,Nature,Animals_(獣),
猿,monkey,Nature,Animals_(獣),
鼠,mouse or rat,Nature,Animals_(獣),
獺,otter,Nature,Animals_(獣),
猩,orangutan,Nature,Animals_(獣),
兎,rabbit,Nature,Animals_(獣),
犀,rhinoceros,Nature,Animals_(獣),
豬,pig,Nature,Animals_(獣),
豚,pig,Nature,Animals_(獣),
羊,sheep,Nature,Animals_(獣),
𠁥,sheep,Nature,Animals_(獣),
狸,tanuki,Nature,Animals_(獣),
虎,tiger,Nature,Animals_(獣),
鼬,weasel,Nature,Animals_(獣),
鯨,whale,Nature,Animals_(獣),
狼,wolf,Nature,Animals_(獣),
鰐,alligator or crocodile,Nature,Animals_(獣),
龍,dragon,Nature,Animals_(獣),
竜,dragon,Nature,Animals_(獣),
蛇,snake,Nature,Animals_(獣),
龜,turtle,Nature,Animals_(獣),
亀,turtle,Nature,Animals_(獣),
爪,claw,Nature,Animals_(獣),
牙,"fang, tusk",Nature,Animals_(獣),
羽,feather,Nature,Animals_(獣),
毛,fur,Nature,Animals_(獣),
角,horn,Nature,Animals_(獣),
尾,tail,Nature,Animals_(獣),
翼,wing,Nature,Animals_(獣),
竹,bamboo,Nature,Plants_(植)_and_Trees_(樹),
茨,brier,Nature,Plants_(植)_and_Trees_(樹),
杉,cedar,Nature,Plants_(植)_and_Trees_(樹),
桜,cherry,Nature,Plants_(植)_and_Trees_(樹),
菊,chrysanthemum,Nature,Plants_(植)_and_Trees_(樹),
桂,cinnamon tree,Nature,Plants_(植)_and_Trees_(樹),
栽,the cultivation of plants,Nature,Plants_(植)_and_Trees_(樹),
麻,flax or hemp,Nature,Plants_(植)_and_Trees_(樹),
花,flower,Nature,Plants_(植)_and_Trees_(樹),
森,forest,Nature,Plants_(植)_and_Trees_(樹),
草,grass,Nature,Plants_(植)_and_Trees_(樹),
林,grove,Nature,Plants_(植)_and_Trees_(樹),
栃,horse chestnut,Nature,Plants_(植)_and_Trees_(樹),
桑,mulberry,Nature,Plants_(植)_and_Trees_(樹),
桃,peach,Nature,Plants_(植)_and_Trees_(樹),
梨,pear,Nature,Plants_(植)_and_Trees_(樹),
柿,persimmon,Nature,Plants_(植)_and_Trees_(樹),
松,pine,Nature,Plants_(植)_and_Trees_(樹),
梅,plum,Nature,Plants_(植)_and_Trees_(樹),
稲,rice plant,Nature,Plants_(植)_and_Trees_(樹),
桜,sakura,Nature,Plants_(植)_and_Trees_(樹),
木,wood,Nature,Plants_(植)_and_Trees_(樹),
葛,vine,Nature,Plants_(植)_and_Trees_(樹),
柳,willow,Nature,Plants_(植)_and_Trees_(樹),
藤,wisteria,Nature,Plants_(植)_and_Trees_(樹),
藻,algae or seaweed,Nature,Plants_(植)_and_Trees_(樹),
黴,mold,Nature,Plants_(植)_and_Trees_(樹),
茸,mushroom,Nature,Plants_(植)_and_Trees_(樹),
枝,branch,Nature,Plants_(植)_and_Trees_(樹),
芽,bud,Nature,Plants_(植)_and_Trees_(樹),
葉,leaf,Nature,Plants_(植)_and_Trees_(樹),
瓣,petal,Nature,Plants_(植)_and_Trees_(樹),
根,root,Nature,Plants_(植)_and_Trees_(樹),
苗,seedling,Nature,Plants_(植)_and_Trees_(樹),
茎,stem,Nature,Plants_(植)_and_Trees_(樹),
幹,tree trunk,Nature,Plants_(植)_and_Trees_(樹),
者,person (usually with qualifier),People_(人),General,
民,people,People_(人),General,
私,I or me,People_(人),General,
僕,I or me,People_(人),General,
俺,I or me,People_(人),General,
自,oneself,People_(人),General,
己,oneself,People_(人),General,
我,"self, ego",People_(人),General,
君,you,People_(人),General,
子,child,People_(人),General,
児,child,People_(人),General,
童,juvenile,People_(人),General,
徒,gang or junior,People_(人),General,
彼,he,People_(人),General,
坊,"boy, sonny",People_(人),General,
郎,"son, boy",People_(人),General,
男,man,People_(人),General,
翁,old man,People_(人),General,
嬢,young lady,People_(人),General,
女,woman,People_(人),General,
婆,old woman,People_(人),General,
主,master or husband,People_(人),Roles_and_status,
夫,husband or man,People_(人),Roles_and_status,
妻,wife,People_(人),Roles_and_status,
婦,wife or lady,People_(人),Roles_and_status,
王,king,People_(人),Roles_and_status,
皇,emperor or sovereign,People_(人),Roles_and_status,
帝,Mikado or emperor,People_(人),Roles_and_status,
姫,princess,People_(人),Roles_and_status,
媛,princess,People_(人),Roles_and_status,
妃,"princess, queen",People_(人),Roles_and_status,
后,empress,People_(人),Roles_and_status,
伯,"earl, count",People_(人),Roles_and_status,
侯,"lord, marquis",People_(人),Roles_and_status,
爵,noble rank,People_(人),Roles_and_status,
士,man or gentleman,People_(人),Roles_and_status,
方,honorable person,People_(人),Roles_and_status,
漢,honorable man or Han person,People_(人),Roles_and_status,
彦,"boy, high-status man",People_(人),Roles_and_status,
傑,great man,People_(人),Roles_and_status,
紳,gentleman,People_(人),Roles_and_status,
氏,courtesy title,People_(人),Roles_and_status,
長,leader,People_(人),Roles_and_status,
係,person in charge,People_(人),Roles_and_status,
督,supervisor,People_(人),Roles_and_status,
師,expert,People_(人),Roles_and_status,
仲,intermediary,People_(人),Roles_and_status,
使,messenger,People_(人),Roles_and_status,
医,doctor,People_(人),Roles_and_status,
友,friend,People_(人),Roles_and_status,
僚,colleague,People_(人),Roles_and_status,
輩,"fellow, comrade",People_(人),Roles_and_status,
客,"guest, customer",People_(人),Roles_and_status,
賓,"guest, VIP",People_(人),Roles_and_status,
隣,neighbour,People_(人),Roles_and_status,
奴,"servant, fellow",People_(人),Roles_and_status,
隷,underling,People_(人),Roles_and_status,
仙,hermit,People_(人),Roles_and_status,
名,name,People_(人),Family_(家_/_族),
父,father,People_(人),Family_(家_/_族),
母,mother,People_(人),Family_(家_/_族),
親,parent,People_(人),Family_(家_/_族),
嫁,"wife, bride",People_(人),Family_(家_/_族),
娘,daughter,People_(人),Family_(家_/_族),
弟,younger brother,People_(人),Family_(家_/_族),
妹,younger sister,People_(人),Family_(家_/_族),
兄,older brother,People_(人),Family_(家_/_族),
姉,older sister,People_(人),Family_(家_/_族),
爺,grandfather,People_(人),Family_(家_/_族),
婆,grandmother,People_(人),Family_(家_/_族),
祖,ancestor,People_(人),Family_(家_/_族),
孫,grandchild,People_(人),Family_(家_/_族),
叔,"aunt, uncle",People_(人),Family_(家_/_族),
伯,"aunt, uncle",People_(人),Family_(家_/_族),
甥,nephew,People_(人),Family_(家_/_族),
姪,niece,People_(人),Family_(家_/_族),
婿,"son-in-law, bridegroom",People_(人),Family_(家_/_族),
昆,descendants,People_(人),Family_(家_/_族),
戚,relatives,People_(人),Family_(家_/_族),
婚,marry,People_(人),Family_(家_/_族),
姻,matrimony,People_(人),Family_(家_/_族),
嫡,legitimate wife/family,People_(人),Family_(家_/_族),
寡,widow,People_(人),Family_(家_/_族),
国,country,People_(人),Groups_(団),
社,company,People_(人),Groups_(団),
派,"faction, group",People_(人),Groups_(団),
組,"association, assemble",People_(人),Groups_(団),
群,"flock, crowd",People_(人),Groups_(団),
肉,flesh,Body_(身),General_2,
血,blood,Body_(身),General_2,
脈,vein,Body_(身),General_2,
筋,muscles,Body_(身),General_2,
骨,bone,Body_(身),General_2,
髄,marrow,Body_(身),General_2,
節,joint,Body_(身),General_2,
皮,skin,Body_(身),General_2,
膚,skin,Body_(身),General_2,
肌,skin,Body_(身),General_2,
皺,wrinkle,Body_(身),General_2,
腺,gland,Body_(身),General_2,
脳,brain,Body_(身),Head_(頭)_and_Neck_(首),
髪,hair,Body_(身),Head_(頭)_and_Neck_(首),
顔,face,Body_(身),Head_(頭)_and_Neck_(首),
髭,beard,Body_(身),Head_(頭)_and_Neck_(首),
額,forehead,Body_(身),Head_(頭)_and_Neck_(首),
耳,ear,Body_(身),Head_(頭)_and_Neck_(首),
目,eye,Body_(身),Head_(頭)_and_Neck_(首),
眼,eyeball,Body_(身),Head_(頭)_and_Neck_(首),
眉,eyebrow,Body_(身),Head_(頭)_and_Neck_(首),
瞳,pupil,Body_(身),Head_(頭)_and_Neck_(首),
鼻,nose,Body_(身),Head_(頭)_and_Neck_(首),
顎,jaw,Body_(身),Head_(頭)_and_Neck_(首),
口,mouth,Body_(身),Head_(頭)_and_Neck_(首),
唇,lips,Body_(身),Head_(頭)_and_Neck_(首),
歯,tooth,Body_(身),Head_(頭)_and_Neck_(首),
舌,tongue,Body_(身),Head_(頭)_and_Neck_(首),
頬,cheek,Body_(身),Head_(頭)_and_Neck_(首),
頤,chin,Body_(身),Head_(頭)_and_Neck_(首),
喉,throat,Body_(身),Head_(頭)_and_Neck_(首),
咽,throat,Body_(身),Head_(頭)_and_Neck_(首),
胴,torso,Body_(身),Torso_and_organs,
背,back,Body_(身),Torso_and_organs,
脊,backbone,Body_(身),Torso_and_organs,
呂,backbone,Body_(身),Torso_and_organs,
椎,backbone,Body_(身),Torso_and_organs,
肋,rib,Body_(身),Torso_and_organs,
胸,chest,Body_(身),Torso_and_organs,
腹,stomach,Body_(身),Torso_and_organs,
胃,stomach,Body_(身),Torso_and_organs,
臍,navel,Body_(身),Torso_and_organs,
腰,waist,Body_(身),Torso_and_organs,
臓,entrails,Body_(身),Torso_and_organs,
腸,intestines,Body_(身),Torso_and_organs,
心,heart,Body_(身),Torso_and_organs,
肺,lung,Body_(身),Torso_and_organs,
肝,liver,Body_(身),Torso_and_organs,
膵,pancreas,Body_(身),Torso_and_organs,
腎,kidney,Body_(身),Torso_and_organs,
胆,gall bladder,Body_(身),Torso_and_organs,
肛,anus,Body_(身),Torso_and_organs,
膣,vagina,Body_(身),Torso_and_organs,
腕,arm,Body_(身),Limbs_(肢),
肩,shoulder,Body_(身),Limbs_(肢),
脇,armpit,Body_(身),Limbs_(肢),
肘,elbow,Body_(身),Limbs_(肢),
手,hand,Body_(身),Limbs_(肢),
拳,fist,Body_(身),Limbs_(肢),
指,finger,Body_(身),Limbs_(肢),
爪,nail,Body_(身),Limbs_(肢),
掌,palm,Body_(身),Limbs_(肢),
尻,buttocks,Body_(身),Limbs_(肢),
股,thighs,Body_(身),Limbs_(肢),
脚,leg,Body_(身),Limbs_(肢),
足,"leg, foot",Body_(身),Limbs_(肢),
膝,knee,Body_(身),Limbs_(肢),
踝,ankle,Body_(身),Limbs_(肢),
踵,heel,Body_(身),Limbs_(肢),
生,birth,Body_(身),Bodily_Functions,
産,give birth,Body_(身),Bodily_Functions,
息,breath,Body_(身),Bodily_Functions,
夢,dream,Body_(身),Bodily_Functions,
便,faeces,Body_(身),Bodily_Functions,
胎,foetus,Body_(身),Bodily_Functions,
妊,pregnant,Body_(身),Bodily_Functions,
娠,pregnant,Body_(身),Bodily_Functions,
唾,saliva,Body_(身),Bodily_Functions,
寝,sleep,Body_(身),Bodily_Functions,
眠,sleep,Body_(身),Bodily_Functions,
睡,sleep,Body_(身),Bodily_Functions,
精,sperm,Body_(身),Bodily_Functions,
哺,suckle,Body_(身),Bodily_Functions,
汗,sweat,Body_(身),Bodily_Functions,
泪,tear,Body_(身),Bodily_Functions,
涙,tear,Body_(身),Bodily_Functions,
尿,urine,Body_(身),Bodily_Functions,
癌,cancer,Body_(身),Health_(体),
骸,corpse,Body_(身),Health_(体),
治,cure,Body_(身),Health_(体),
死,death,Body_(身),Health_(体),
痢,diarrhea,Body_(身),Health_(体),
症,disease,Body_(身),Health_(体),
疾,disease,Body_(身),Health_(体),
医,doctor or medicine,Body_(身),Health_(体),
薬,drug,Body_(身),Health_(体),
疫,epidemic,Body_(身),Health_(体),
療,heal,Body_(身),Health_(体),
癒,heal,Body_(身),Health_(体),
病,illness,Body_(身),Health_(体),
生,life,Body_(身),Health_(体),
剤,medicine,Body_(身),Health_(体),
痛,pain,Body_(身),Health_(体),
錠,pill,Body_(身),Health_(体),
痘,pox,Body_(身),Health_(体),
休,rest,Body_(身),Health_(体),
痕,scar,Body_(身),Health_(体),
患,sick,Body_(身),Health_(体),
力,strength,Body_(身),Health_(体),
疲,tired,Body_(身),Health_(体),
瘍,ulcer,Body_(身),Health_(体),
痩,weight loss,Body_(身),Health_(体),
傷,wound,Body_(身),Health_(体),
立,stand up,Body_(身),Actions,
走,run,Body_(身),Actions,
座,sit,Body_(身),Actions,
踊,jump,Body_(身),Actions,
歩,walk,Body_(身),Actions,
泳,swim,Body_(身),Actions,
止,stop,Body_(身),Actions,
崇,adoration or reverence,Emotions_and_Senses_(感),Emotions_(情),
慕,adoration or reverence,Emotions_and_Senses_(感),Emotions_(情),
慈,affection or benevolence,Emotions_and_Senses_(感),Emotions_(情),
怒,anger,Emotions_and_Senses_(感),Emotions_(情),
煩,"anxiety, annoyance",Emotions_and_Senses_(感),Emotions_(情),
畏,apprehension,Emotions_and_Senses_(感),Emotions_(情),
惑,bewilderment,Emotions_and_Senses_(感),Emotions_(情),
迷,confusion,Emotions_and_Senses_(感),Emotions_(情),
紛,confusion,Emotions_and_Senses_(感),Emotions_(情),
楽,comfort,Emotions_and_Senses_(感),Emotions_(情),
蔑,contempt,Emotions_and_Senses_(感),Emotions_(情),
喜,"delight, joy",Emotions_and_Senses_(感),Emotions_(情),
歓,"delight, joy",Emotions_and_Senses_(感),Emotions_(情),
欲,desire,Emotions_and_Senses_(感),Emotions_(情),
慌,disconcerting,Emotions_and_Senses_(感),Emotions_(情),
嫌,dislike,Emotions_and_Senses_(感),Emotions_(情),
疑,doubt or suspicion,Emotions_and_Senses_(感),Emotions_(情),
惧,dread,Emotions_and_Senses_(感),Emotions_(情),
怖,dread,Emotions_and_Senses_(感),Emotions_(情),
悦,ecstasy,Emotions_and_Senses_(感),Emotions_(情),
妬,"envy, jealousy",Emotions_and_Senses_(感),Emotions_(情),
羨,"envy, jealousy",Emotions_and_Senses_(感),Emotions_(情),
嫉,"envy, jealousy",Emotions_and_Senses_(感),Emotions_(情),
慄,fear,Emotions_and_Senses_(感),Emotions_(情),
恐,fear,Emotions_and_Senses_(感),Emotions_(情),
虞,fear,Emotions_and_Senses_(感),Emotions_(情),
娯,fun,Emotions_and_Senses_(感),Emotions_(情),
戚,grief,Emotions_and_Senses_(感),Emotions_(情),
幸,happy,Emotions_and_Senses_(感),Emotions_(情),
憎,hate,Emotions_and_Senses_(感),Emotions_(情),
憤,indignation,Emotions_and_Senses_(感),Emotions_(情),
慶,jubilation,Emotions_and_Senses_(感),Emotions_(情),
笑,laughter,Emotions_and_Senses_(感),Emotions_(情),
好,like,Emotions_and_Senses_(感),Emotions_(情),
寂,loneliness,Emotions_and_Senses_(感),Emotions_(情),
憧,"longing, yearning",Emotions_and_Senses_(感),Emotions_(情),
愛,love,Emotions_and_Senses_(感),Emotions_(情),
恋,love,Emotions_and_Senses_(感),Emotions_(情),
愁,melancholy,Emotions_and_Senses_(感),Emotions_(情),
鬱,melancholy,Emotions_and_Senses_(感),Emotions_(情),
気,mood,Emotions_and_Senses_(感),Emotions_(情),
快,DEFAULT,Emotions_and_Senses_(感),Emotions_(情),
傲,pride,Emotions_and_Senses_(感),Emotions_(情),
惜,regret,Emotions_and_Senses_(感),Emotions_(情),
憾,regret,Emotions_and_Senses_(感),Emotions_(情),
悔,remorse,Emotions_and_Senses_(感),Emotions_(情),
恨,resentment,Emotions_and_Senses_(感),Emotions_(情),
怨,resentment,Emotions_and_Senses_(感),Emotions_(情),
恭,respect,Emotions_and_Senses_(感),Emotions_(情),
敬,respect,Emotions_and_Senses_(感),Emotions_(情),
哀,sadness or pity,Emotions_and_Senses_(感),Emotions_(情),
恥,shame,Emotions_and_Senses_(感),Emotions_(情),
羞,shame,Emotions_and_Senses_(感),Emotions_(情),
驚,surprise,Emotions_and_Senses_(感),Emotions_(情),
激,violent excitement,Emotions_and_Senses_(感),Emotions_(情),
暴,violent rage,Emotions_and_Senses_(感),Emotions_(情),
憂,worry,Emotions_and_Senses_(感),Emotions_(情),
懐,yearning,Emotions_and_Senses_(感),Emotions_(情),
憬,yearning,Emotions_and_Senses_(感),Emotions_(情),
to,Hear (聞),Emotions_and_Senses_(感),Senses,
聴,listen,Emotions_and_Senses_(感),Senses,
音,sound,Emotions_and_Senses_(感),Senses,
静,quiet,Emotions_and_Senses_(感),Senses,
to,See (見),Emotions_and_Senses_(感),Senses,
盲,blind,Emotions_and_Senses_(感),Senses,
to,Smell (嗅),Emotions_and_Senses_(感),Senses,
馝,"aroma, strong fragrance",Emotions_and_Senses_(感),Senses,
臭,bad smell,Emotions_and_Senses_(感),Senses,
匂,fragrance,Emotions_and_Senses_(感),Senses,
芳,fragrant,Emotions_and_Senses_(感),Senses,
香,pleasant smell,Emotions_and_Senses_(感),Senses,
辛,pungent,Emotions_and_Senses_(感),Senses,
to,Taste (味),Emotions_and_Senses_(感),Senses,
辣,bitter,Emotions_and_Senses_(感),Senses,
酸,sour,Emotions_and_Senses_(感),Senses,
辣,spicy,Emotions_and_Senses_(感),Senses,
甘,sweet,Emotions_and_Senses_(感),Senses,
to,Feel (触),Emotions_and_Senses_(感),Senses,
悪,bad,Emotions_and_Senses_(感),Judgment_(評),
正,correct,Emotions_and_Senses_(感),Judgment_(評),
良,good,Emotions_and_Senses_(感),Judgment_(評),
善,good,Emotions_and_Senses_(感),Judgment_(評),
理,reason,Emotions_and_Senses_(感),Judgment_(評),
思,to think,Emotions_and_Senses_(感),Judgment_(評),
考,to think,Emotions_and_Senses_(感),Judgment_(評),
酒,alcoholic drink,Food_(食)_and_Drink_(飲),,
麦,barley or wheat,Food_(食)_and_Drink_(飲),,
豆,bean,Food_(食)_and_Drink_(飲),,
穀,cereal,Food_(食)_and_Drink_(飲),,
栗,chestnut,Food_(食)_and_Drink_(飲),,
飯,"cooked rice, meal",Food_(食)_and_Drink_(飲),,
菓,confectionery,Food_(食)_and_Drink_(飲),,
酪,dairy products,Food_(食)_and_Drink_(飲),,
穂,ear of grain,Food_(食)_and_Drink_(飲),,
卵,egg,Food_(食)_and_Drink_(飲),,
粉,flour,Food_(食)_and_Drink_(飲),,
果,fruit,Food_(食)_and_Drink_(飲),,
実,fruit,Food_(食)_and_Drink_(飲),,
粒,grain,Food_(食)_and_Drink_(飲),,
蜜,honey,Food_(食)_and_Drink_(飲),,
汁,"juice, soup",Food_(食)_and_Drink_(飲),,
肉,meat,Food_(食)_and_Drink_(飲),,
乳,milk,Food_(食)_and_Drink_(飲),,
麺,noodles,Food_(食)_and_Drink_(飲),,
芋,potato,Food_(食)_and_Drink_(飲),,
漬,pickle,Food_(食)_and_Drink_(飲),,
米,rice,Food_(食)_and_Drink_(飲),,
餅,rice cake,Food_(食)_and_Drink_(飲),,
酎,sake,Food_(食)_and_Drink_(飲),,
糖,sugar,Food_(食)_and_Drink_(飲),,
鮨,sushi,Food_(食)_and_Drink_(飲),,
茶,tea,Food_(食)_and_Drink_(飲),,
菜,vegetable,Food_(食)_and_Drink_(飲),,
酢,vinegar,Food_(食)_and_Drink_(飲),,
焼,to bake,Food_(食)_and_Drink_(飲),Cooking_(炊),
煎,"to boil, roast",Food_(食)_and_Drink_(飲),Cooking_(炊),
丼,bowl of food,Food_(食)_and_Drink_(飲),Cooking_(炊),
醸,to brew,Food_(食)_and_Drink_(飲),Cooking_(炊),
箸,chopsticks,Food_(食)_and_Drink_(飲),Cooking_(炊),
揚,to fry,Food_(食)_and_Drink_(飲),Cooking_(炊),
酌,to serve alcohol,Food_(食)_and_Drink_(飲),Cooking_(炊),
蒸,to steam,Food_(食)_and_Drink_(飲),Cooking_(炊),
畿,capital,Artificial_Structures_and_Products,Cities_(市),
京,capital city,Artificial_Structures_and_Products,Cities_(市),
都,metropolis,Artificial_Structures_and_Products,Cities_(市),
街,city district,Artificial_Structures_and_Products,Cities_(市),
町,town,Artificial_Structures_and_Products,Cities_(市),
荘,villa,Artificial_Structures_and_Products,Cities_(市),
村,village,Artificial_Structures_and_Products,Cities_(市),
区,ward,Artificial_Structures_and_Products,Cities_(市),
塁,base or fort,Artificial_Structures_and_Products,Cities_(市),Buildings_(房)_and_Structures
桁,beam or column,Artificial_Structures_and_Products,Cities_(市),Buildings_(房)_and_Structures
建,build,Artificial_Structures_and_Products,Cities_(市),Buildings_(房)_and_Structures
舎,building,Artificial_Structures_and_Products,Cities_(市),Buildings_(房)_and_Structures
城,castle,Artificial_Structures_and_Products,Cities_(市),Buildings_(房)_and_Structures
廊,corridor,Artificial_Structures_and_Products,Cities_(市),Buildings_(房)_and_Structures
庭,courtyard or garden,Artificial_Structures_and_Products,Cities_(市),Buildings_(房)_and_Structures
戸,door,Artificial_Structures_and_Products,Cities_(市),Buildings_(房)_and_Structures
扉,door,Artificial_Structures_and_Products,Cities_(市),Buildings_(房)_and_Structures
寮,dormitory,Artificial_Structures_and_Products,Cities_(市),Buildings_(房)_and_Structures
屋,dwelling / roof or shop,Artificial_Structures_and_Products,Cities_(市),Buildings_(房)_and_Structures
垣,fence or low wall,Artificial_Structures_and_Products,Cities_(市),Buildings_(房)_and_Structures
柵,fence or low wall,Artificial_Structures_and_Products,Cities_(市),Buildings_(房)_and_Structures
塀,fence or low wall,Artificial_Structures_and_Products,Cities_(市),Buildings_(房)_and_Structures
炉,fireplace or hearth,Artificial_Structures_and_Products,Cities_(市),Buildings_(房)_and_Structures
園,garden,Artificial_Structures_and_Products,Cities_(市),Buildings_(房)_and_Structures
門,gate,Artificial_Structures_and_Products,Cities_(市),Buildings_(房)_and_Structures
港,harbour or port,Artificial_Structures_and_Products,Cities_(市),Buildings_(房)_and_Structures
津,harbour or port,Artificial_Structures_and_Products,Cities_(市),Buildings_(房)_and_Structures
宅,home,Artificial_Structures_and_Products,Cities_(市),Buildings_(房)_and_Structures
家,house,Artificial_Structures_and_Products,Cities_(市),Buildings_(房)_and_Structures
閣,imposing building,Artificial_Structures_and_Products,Cities_(市),Buildings_(房)_and_Structures
宿,inn,Artificial_Structures_and_Products,Cities_(市),Buildings_(房)_and_Structures
芝,lawn,Artificial_Structures_and_Products,Cities_(市),Buildings_(房)_and_Structures
碑,monument,Artificial_Structures_and_Products,Cities_(市),Buildings_(房)_and_Structures
殿,palace,Artificial_Structures_and_Products,Cities_(市),Buildings_(房)_and_Structures
苑,park,Artificial_Structures_and_Products,Cities_(市),Buildings_(房)_and_Structures
亭,pavilion,Artificial_Structures_and_Products,Cities_(市),Buildings_(房)_and_Structures
台,pedestal,Artificial_Structures_and_Products,Cities_(市),Buildings_(房)_and_Structures
柱,pillar,Artificial_Structures_and_Products,Cities_(市),Buildings_(房)_and_Structures
壇,podium,Artificial_Structures_and_Products,Cities_(市),Buildings_(房)_and_Structures
獄,prison,Artificial_Structures_and_Products,Cities_(市),Buildings_(房)_and_Structures
館,public building,Artificial_Structures_and_Products,Cities_(市),Buildings_(房)_and_Structures
棟,ridgepole,Artificial_Structures_and_Products,Cities_(市),Buildings_(房)_and_Structures
室,room,Artificial_Structures_and_Products,Cities_(市),Buildings_(房)_and_Structures
棚,shelf,Artificial_Structures_and_Products,Cities_(市),Buildings_(房)_and_Structures
店,shop,Artificial_Structures_and_Products,Cities_(市),Buildings_(房)_and_Structures
宮,shrine,Artificial_Structures_and_Products,Cities_(市),Buildings_(房)_and_Structures
駅,station,Artificial_Structures_and_Products,Cities_(市),Buildings_(房)_and_Structures
庫,storage room,Artificial_Structures_and_Products,Cities_(市),Buildings_(房)_and_Structures
蔵,storehouse,Artificial_Structures_and_Products,Cities_(市),Buildings_(房)_and_Structures
堂,temple,Artificial_Structures_and_Products,Cities_(市),Buildings_(房)_and_Structures
寺,temple,Artificial_Structures_and_Products,Cities_(市),Buildings_(房)_and_Structures
楼,tower,Artificial_Structures_and_Products,Cities_(市),Buildings_(房)_and_Structures
塔,tower,Artificial_Structures_and_Products,Cities_(市),Buildings_(房)_and_Structures
壁,wall,Artificial_Structures_and_Products,Cities_(市),Buildings_(房)_and_Structures
倉,warehouse,Artificial_Structures_and_Products,Cities_(市),Buildings_(房)_and_Structures
井,well,Artificial_Structures_and_Products,Cities_(市),Buildings_(房)_and_Structures
窓,window,Artificial_Structures_and_Products,Cities_(市),Buildings_(房)_and_Structures
桟,wooden structure,Artificial_Structures_and_Products,Cities_(市),Buildings_(房)_and_Structures
橋,bridge,Artificial_Structures_and_Products,Cities_(市),Roads_(路)
辻,crossroads,Artificial_Structures_and_Products,Cities_(市),Roads_(路)
岐,fork in the road,Artificial_Structures_and_Products,Cities_(市),Roads_(路)
道,path or road,Artificial_Structures_and_Products,Cities_(市),Roads_(路)
途,router or way,Artificial_Structures_and_Products,Cities_(市),Roads_(路)
街,street,Artificial_Structures_and_Products,Cities_(市),Roads_(路)
軸,axle,Artificial_Structures_and_Products,Vehicles_(車)_and_Machines_(機),
搭,to board or load,Artificial_Structures_and_Products,Vehicles_(車)_and_Machines_(機),
舟,boat,Artificial_Structures_and_Products,Vehicles_(車)_and_Machines_(機),
械,contraption,Artificial_Structures_and_Products,Vehicles_(車)_and_Machines_(機),
舶,oceangoing ship,Artificial_Structures_and_Products,Vehicles_(車)_and_Machines_(機),
力,power,Artificial_Structures_and_Products,Vehicles_(車)_and_Machines_(機),
乗,to ride,Artificial_Structures_and_Products,Vehicles_(車)_and_Machines_(機),
船,ship,Artificial_Structures_and_Products,Vehicles_(車)_and_Machines_(機),
艇,ship,Artificial_Structures_and_Products,Vehicles_(車)_and_Machines_(機),
舷,sides of a boat,Artificial_Structures_and_Products,Vehicles_(車)_and_Machines_(機),
装,attire,Artificial_Structures_and_Products,Clothing_(服)_and_Textiles_(布),
帯,belt,Artificial_Structures_and_Products,Clothing_(服)_and_Textiles_(布),
錦,brocade,Artificial_Structures_and_Products,Clothing_(服)_and_Textiles_(布),
襟,collar,Artificial_Structures_and_Products,Clothing_(服)_and_Textiles_(布),
綿,cotton,Artificial_Structures_and_Products,Clothing_(服)_and_Textiles_(布),
裾,cuff or hem,Artificial_Structures_and_Products,Clothing_(服)_and_Textiles_(布),
維,fibre,Artificial_Structures_and_Products,Clothing_(服)_and_Textiles_(布),
履,footwear,Artificial_Structures_and_Products,Clothing_(服)_and_Textiles_(布),
衣,garment,Artificial_Structures_and_Products,Clothing_(服)_and_Textiles_(布),
帽,hat,Artificial_Structures_and_Products,Clothing_(服)_and_Textiles_(布),
革,leather,Artificial_Structures_and_Products,Clothing_(服)_and_Textiles_(布),
縫,to sew,Artificial_Structures_and_Products,Clothing_(服)_and_Textiles_(布),
靴,shoes,Artificial_Structures_and_Products,Clothing_(服)_and_Textiles_(布),
絹,silk,Artificial_Structures_and_Products,Clothing_(服)_and_Textiles_(布),
袖,sleeve,Artificial_Structures_and_Products,Clothing_(服)_and_Textiles_(布),
紡,to spin or weave,Artificial_Structures_and_Products,Clothing_(服)_and_Textiles_(布),
糸,thread,Artificial_Structures_and_Products,Clothing_(服)_and_Textiles_(布),
巾,towel,Artificial_Structures_and_Products,Clothing_(服)_and_Textiles_(布),
着,to wear,Artificial_Structures_and_Products,Clothing_(服)_and_Textiles_(布),
織,to weave,Artificial_Structures_and_Products,Clothing_(服)_and_Textiles_(布),
品,article,Artificial_Structures_and_Products,Miscellaneous_Manufactured_Items,
斤,axe,Artificial_Structures_and_Products,Miscellaneous_Manufactured_Items,
袋,bag,Artificial_Structures_and_Products,Miscellaneous_Manufactured_Items,
盆,basin or tray,Artificial_Structures_and_Products,Miscellaneous_Manufactured_Items,
籠,basket,Artificial_Structures_and_Products,Miscellaneous_Manufactured_Items,
床,bed,Artificial_Structures_and_Products,Miscellaneous_Manufactured_Items,
鈴,bell,Artificial_Structures_and_Products,Miscellaneous_Manufactured_Items,
鐘,bell,Artificial_Structures_and_Products,Miscellaneous_Manufactured_Items,
盤,board or disk,Artificial_Structures_and_Products,Miscellaneous_Manufactured_Items,
板,board or plate,Artificial_Structures_and_Products,Miscellaneous_Manufactured_Items,
瓶,bottle or jar,Artificial_Structures_and_Products,Miscellaneous_Manufactured_Items,
鉢,bowl,Artificial_Structures_and_Products,Miscellaneous_Manufactured_Items,
丼,bowl,Artificial_Structures_and_Products,Miscellaneous_Manufactured_Items,
箱,box,Artificial_Structures_and_Products,Miscellaneous_Manufactured_Items,
鋳,casting,Artificial_Structures_and_Products,Miscellaneous_Manufactured_Items,
鎖,chain,Artificial_Structures_and_Products,Miscellaneous_Manufactured_Items,
椅,chair,Artificial_Structures_and_Products,Miscellaneous_Manufactured_Items,
棺,coffin,Artificial_Structures_and_Products,Miscellaneous_Manufactured_Items,
索,cord,Artificial_Structures_and_Products,Miscellaneous_Manufactured_Items,
箸,chopsticks,Artificial_Structures_and_Products,Miscellaneous_Manufactured_Items,
杯,cup,Artificial_Structures_and_Products,Miscellaneous_Manufactured_Items,
幕,curtain,Artificial_Structures_and_Products,Miscellaneous_Manufactured_Items,
机,desk,Artificial_Structures_and_Products,Miscellaneous_Manufactured_Items,
皿,dish or plate,Artificial_Structures_and_Products,Miscellaneous_Manufactured_Items,
扇,fan,Artificial_Structures_and_Products,Miscellaneous_Manufactured_Items,
鈎,fish hook,Artificial_Structures_and_Products,Miscellaneous_Manufactured_Items,
枢,hinge or pivot,Artificial_Structures_and_Products,Miscellaneous_Manufactured_Items,
釜,kettle,Artificial_Structures_and_Products,Miscellaneous_Manufactured_Items,
鍵,key,Artificial_Structures_and_Products,Miscellaneous_Manufactured_Items,
窯,kiln or stove,Artificial_Structures_and_Products,Miscellaneous_Manufactured_Items,
漆,lacquer,Artificial_Structures_and_Products,Miscellaneous_Manufactured_Items,
灯,lamp,Artificial_Structures_and_Products,Miscellaneous_Manufactured_Items,
蓋,lid,Artificial_Structures_and_Products,Miscellaneous_Manufactured_Items,
錠,lock,Artificial_Structures_and_Products,Miscellaneous_Manufactured_Items,
臼,millstone or mortar,Artificial_Structures_and_Products,Miscellaneous_Manufactured_Items,
鏡,mirror,Artificial_Structures_and_Products,Miscellaneous_Manufactured_Items,
針,needle,Artificial_Structures_and_Products,Miscellaneous_Manufactured_Items,
網,net,Artificial_Structures_and_Products,Miscellaneous_Manufactured_Items,
塗,paint,Artificial_Structures_and_Products,Miscellaneous_Manufactured_Items,
紙,paper,Artificial_Structures_and_Products,Miscellaneous_Manufactured_Items,
箋,paper,Artificial_Structures_and_Products,Miscellaneous_Manufactured_Items,
枕,pillow,Artificial_Structures_and_Products,Miscellaneous_Manufactured_Items,
管,pipe,Artificial_Structures_and_Products,Miscellaneous_Manufactured_Items,
栓,plug or stopper,Artificial_Structures_and_Products,Miscellaneous_Manufactured_Items,
錘,plumb or spindle,Artificial_Structures_and_Products,Miscellaneous_Manufactured_Items,
磁,porcelain,Artificial_Structures_and_Products,Miscellaneous_Manufactured_Items,
鍋,pot,Artificial_Structures_and_Products,Miscellaneous_Manufactured_Items,
陶,pottery,Artificial_Structures_and_Products,Miscellaneous_Manufactured_Items,
棒,rod,Artificial_Structures_and_Products,Miscellaneous_Manufactured_Items,
縄,rope,Artificial_Structures_and_Products,Miscellaneous_Manufactured_Items,
綱,rope,Artificial_Structures_and_Products,Miscellaneous_Manufactured_Items,
帆,sail,Artificial_Structures_and_Products,Miscellaneous_Manufactured_Items,
鎌,sickle,Artificial_Structures_and_Products,Miscellaneous_Manufactured_Items,
串,skewer,Artificial_Structures_and_Products,Miscellaneous_Manufactured_Items,
俵,straw bag or sack,Artificial_Structures_and_Products,Miscellaneous_Manufactured_Items,
弦,string,Artificial_Structures_and_Products,Miscellaneous_Manufactured_Items,
卓,table,Artificial_Structures_and_Products,Miscellaneous_Manufactured_Items,
槽,tank,Artificial_Structures_and_Products,Miscellaneous_Manufactured_Items,
畳,tatami mat,Artificial_Structures_and_Products,Miscellaneous_Manufactured_Items,
瓦,tile,Artificial_Structures_and_Products,Miscellaneous_Manufactured_Items,
缶,tin can,Artificial_Structures_and_Products,Miscellaneous_Manufactured_Items,
具,tool,Artificial_Structures_and_Products,Miscellaneous_Manufactured_Items,
膳,tray or small table,Artificial_Structures_and_Products,Miscellaneous_Manufactured_Items,
傘,umbrella,Artificial_Structures_and_Products,Miscellaneous_Manufactured_Items,
器,vessel,Artificial_Structures_and_Products,Miscellaneous_Manufactured_Items,
芸,art,Human_activities,Culture,
絵,"picture, painting",Human_activities,Culture,
画,picture,Human_activities,Culture,
楽,music,Human_activities,Culture,
曲,musical composition,Human_activities,Culture,
歌,song,Human_activities,Culture,
謡,"song, noh chant",Human_activities,Culture,
唄,song,Human_activities,Culture,
諧,harmony,Human_activities,Culture,
琴,"cithare, harp",Human_activities,Culture,
笛,flute,Human_activities,Culture,
鼓,drum,Human_activities,Culture,
拍,"clap, beat (music)",Human_activities,Culture,
節,"tune, melody",Human_activities,Culture,
詩,poetry,Human_activities,Culture,
詠,recite poetry,Human_activities,Culture,
俳,haiku,Human_activities,Culture,
劇,"drama, play",Human_activities,Culture,
祭,festival,Human_activities,Culture,
校,school,Human_activities,Culture,
学,"study, school",Human_activities,Culture,
生,student,Human_activities,Culture,
塾,private school,Human_activities,Culture,
科,faculty,Human_activities,Culture,
教,teach,Human_activities,Culture,
究,"study, research",Human_activities,Culture,
研,"study, research",Human_activities,Culture,
知,know,Human_activities,Culture,
卒,graduate,Human_activities,Culture,
儒,Confucianism,Human_activities,Culture,
言,say,Human_activities,Language_(語)_and_Communication,
話,speak,Human_activities,Language_(語)_and_Communication,
声,voice,Human_activities,Language_(語)_and_Communication,
告,tell,Human_activities,Language_(語)_and_Communication,
談,discuss,Human_activities,Language_(語)_and_Communication,
聞,ask,Human_activities,Language_(語)_and_Communication,
問,question,Human_activities,Language_(語)_and_Communication,
答,answer,Human_activities,Language_(語)_and_Communication,
吟,recite,Human_activities,Language_(語)_and_Communication,
読,read,Human_activities,Language_(語)_and_Communication,
書,write,Human_activities,Language_(語)_and_Communication,
本,book,Human_activities,Language_(語)_and_Communication,
文,text,Human_activities,Language_(語)_and_Communication,
図,"map, diagram",Human_activities,Language_(語)_and_Communication,
筆,"writing, brush",Human_activities,Language_(語)_and_Communication,
字,character,Human_activities,Language_(語)_and_Communication,
辞,word,Human_activities,Language_(語)_and_Communication,
詞,words,Human_activities,Language_(語)_and_Communication,
句,phrase,Human_activities,Language_(語)_and_Communication,
記,written record,Human_activities,Language_(語)_and_Communication,
刊,publish,Human_activities,Language_(語)_and_Communication,
誌,"document, journal",Human_activities,Language_(語)_and_Communication,
訃,obituary,Human_activities,Language_(語)_and_Communication,
信,message,Human_activities,Language_(語)_and_Communication,
報,inform,Human_activities,Language_(語)_and_Communication,
説,explain,Human_activities,Language_(語)_and_Communication,
題,topic,Human_activities,Language_(語)_and_Communication,
表,express,Human_activities,Language_(語)_and_Communication,
伝,transmit,Human_activities,Language_(語)_and_Communication,
論,discourse,Human_activities,Language_(語)_and_Communication,
講,lecture,Human_activities,Language_(語)_and_Communication,
宣,proclaim,Human_activities,Language_(語)_and_Communication,
金,gold,Human_activities,Money_(銭)_and_Commerce_(商),
札,banknote,Human_activities,Money_(銭)_and_Commerce_(商),
円,yen,Human_activities,Money_(銭)_and_Commerce_(商),
幣,currency,Human_activities,Money_(銭)_and_Commerce_(商),
財,wealth,Human_activities,Money_(銭)_and_Commerce_(商),
富,rich,Human_activities,Money_(銭)_and_Commerce_(商),
買,buy,Human_activities,Money_(銭)_and_Commerce_(商),
購,purchase,Human_activities,Money_(銭)_and_Commerce_(商),
売,sell,Human_activities,Money_(銭)_and_Commerce_(商),
業,"business, industry",Human_activities,Money_(銭)_and_Commerce_(商),
商,trade,Human_activities,Money_(銭)_and_Commerce_(商),
貿,trade,Human_activities,Money_(銭)_and_Commerce_(商),
販,marketing,Human_activities,Money_(銭)_and_Commerce_(商),
卸,wholesale,Human_activities,Money_(銭)_and_Commerce_(商),
払,pay,Human_activities,Money_(銭)_and_Commerce_(商),
貝,cowry (ancient Chinese currency),Human_activities,Money_(銭)_and_Commerce_(商),
貨,goods or property,Human_activities,Money_(銭)_and_Commerce_(商),
宝,treasure or wealth,Human_activities,Money_(銭)_and_Commerce_(商),
産,product,Human_activities,Money_(銭)_and_Commerce_(商),
工,manufacture,Human_activities,Money_(銭)_and_Commerce_(商),
価,price,Human_activities,Money_(銭)_and_Commerce_(商),
値,price,Human_activities,Money_(銭)_and_Commerce_(商),
高,expensive,Human_activities,Money_(銭)_and_Commerce_(商),
安,cheap,Human_activities,Money_(銭)_and_Commerce_(商),
廉,cheap,Human_activities,Money_(銭)_and_Commerce_(商),
資,capital,Human_activities,Money_(銭)_and_Commerce_(商),
賃,fee or wages,Human_activities,Money_(銭)_and_Commerce_(商),
料,fee,Human_activities,Money_(銭)_and_Commerce_(商),
費,expense,Human_activities,Money_(銭)_and_Commerce_(商),
営,management,Human_activities,Money_(銭)_and_Commerce_(商),
職,employment,Human_activities,Money_(銭)_and_Commerce_(商),
働,work,Human_activities,Money_(銭)_and_Commerce_(商),
稼,"work, earn",Human_activities,Money_(銭)_and_Commerce_(商),
給,salary,Human_activities,Money_(銭)_and_Commerce_(商),
俸,salary,Human_activities,Money_(銭)_and_Commerce_(商),
償,recompense,Human_activities,Money_(銭)_and_Commerce_(商),
債,bond or debt,Human_activities,Money_(銭)_and_Commerce_(商),
貯,savings,Human_activities,Money_(銭)_and_Commerce_(商),
税,tax,Human_activities,Money_(銭)_and_Commerce_(商),
租,tax,Human_activities,Money_(銭)_and_Commerce_(商),
賦,installment or levy,Human_activities,Money_(銭)_and_Commerce_(商),
賄,bribe,Human_activities,Money_(銭)_and_Commerce_(商),
賂,bribe,Human_activities,Money_(銭)_and_Commerce_(商),
賭,gamble,Human_activities,Money_(銭)_and_Commerce_(商),
俎,altar of sacrifice,Human_activities,Religion_(宗)_and_the_Supernatural_World,
仏,Buddha,Human_activities,Religion_(宗)_and_the_Supernatural_World,
尼,Buddhist nun,Human_activities,Religion_(宗)_and_the_Supernatural_World,
僧,Buddhist monk or priest,Human_activities,Religion_(宗)_and_the_Supernatural_World,
寺,Buddhist temple,Human_activities,Religion_(宗)_and_the_Supernatural_World,
幽,dark or hidden,Human_activities,Religion_(宗)_and_the_Supernatural_World,
魔,demon,Human_activities,Religion_(宗)_and_the_Supernatural_World,
教,doctrine or teaching,Human_activities,Religion_(宗)_and_the_Supernatural_World,
竜,dragon,Human_activities,Religion_(宗)_and_the_Supernatural_World,
鬼,evil spirit or oni,Human_activities,Religion_(宗)_and_the_Supernatural_World,
祓,exorcism or purity,Human_activities,Religion_(宗)_and_the_Supernatural_World,
妖,goblin or yōkai,Human_activities,Religion_(宗)_and_the_Supernatural_World,
神,god or [kami],Human_activities,Religion_(宗)_and_the_Supernatural_World,
仙,immortal or sage,Human_activities,Religion_(宗)_and_the_Supernatural_World,
幻,phantom,Human_activities,Religion_(宗)_and_the_Supernatural_World,
祈,pray,Human_activities,Religion_(宗)_and_the_Supernatural_World,
派,religious sect,Human_activities,Religion_(宗)_and_the_Supernatural_World,
聖,sacred,Human_activities,Religion_(宗)_and_the_Supernatural_World,
犠,sacrifice,Human_activities,Religion_(宗)_and_the_Supernatural_World,
巫,shaman,Human_activities,Religion_(宗)_and_the_Supernatural_World,
社,Shinto shrine,Human_activities,Religion_(宗)_and_the_Supernatural_World,
宮,shrine,Human_activities,Religion_(宗)_and_the_Supernatural_World,
罪,sin or taboo,Human_activities,Religion_(宗)_and_the_Supernatural_World,
魂,soul,Human_activities,Religion_(宗)_and_the_Supernatural_World,
霊,spirit,Human_activities,Religion_(宗)_and_the_Supernatural_World,
刹,temple,Human_activities,Religion_(宗)_and_the_Supernatural_World,
詣,temple visit,Human_activities,Religion_(宗)_and_the_Supernatural_World,
德,virtue,Human_activities,Religion_(宗)_and_the_Supernatural_World,
陽,Yang principle,Human_activities,Religion_(宗)_and_the_Supernatural_World,
陰,Yin principle,Human_activities,Religion_(宗)_and_the_Supernatural_World,
禅,Zen,Human_activities,Religion_(宗)_and_the_Supernatural_World,
武,military,Human_activities,War_(戦),
戦,battle,Human_activities,War_(戦),
闘,battle,Human_activities,War_(戦),
敵,enemy,Human_activities,War_(戦),
攻,attack,Human_activities,War_(戦),
斬,slash,Human_activities,War_(戦),
伐,attack or punish,Human_activities,War_(戦),
殺,kill,Human_activities,War_(戦),
撃,attack,Human_activities,War_(戦),
討,attack,Human_activities,War_(戦),
殴,"beat, assault",Human_activities,War_(戦),
撃,"beat, attack",Human_activities,War_(戦),
斬,cut with a sword,Human_activities,War_(戦),
射,shoot at,Human_activities,War_(戦),
襲,raid,Human_activities,War_(戦),
征,conquer,Human_activities,War_(戦),
陣,"battle formation, camp",Human_activities,War_(戦),
屯,barracks,Human_activities,War_(戦),
侍,Samurai,Human_activities,War_(戦),Soldier_(兵)
忍,Ninja or Shinobi,Human_activities,War_(戦),Soldier_(兵)
偵,spy,Human_activities,War_(戦),Soldier_(兵)
将,commander,Human_activities,War_(戦),Soldier_(兵)
曹,sergeant,Human_activities,War_(戦),Soldier_(兵)
尉,military officer,Human_activities,War_(戦),Soldier_(兵)
軍,troops,Human_activities,War_(戦),Soldier_(兵)
隊,corps,Human_activities,War_(戦),Soldier_(兵)
班,"squad, corps",Human_activities,War_(戦),Soldier_(兵)
刀,sword or katana,Human_activities,War_(戦),Weapons
矛,halberd,Human_activities,War_(戦),Weapons
戈,spear,Human_activities,War_(戦),Weapons
剣,sword,Human_activities,War_(戦),Weapons
盾,shield,Human_activities,War_(戦),Weapons
甲,armour,Human_activities,War_(戦),Weapons
弓,bow,Human_activities,War_(戦),Weapons
矢,arrow,Human_activities,War_(戦),Weapons
銃,gun,Human_activities,War_(戦),Weapons
砲,gun or cannon,Human_activities,War_(戦),Weapons
爆,bomb,Human_activities,War_(戦),Weapons
弾,bullet,Human_activities,War_(戦),Weapons
艦,warship,Human_activities,War_(戦),Weapons
