kanji,meaning,theme,subtheme
黒,black,Physical_Attributes_and_Properties,Colours
青,blue,Physical_Attributes_and_Properties,Colours
紅,crimson,Physical_Attributes_and_Properties,Colours
棕,brown,Physical_Attributes_and_Properties,Colours
褐,brown,Physical_Attributes_and_Properties,Colours
紺,dark blue,Physical_Attributes_and_Properties,Colours
金,gold,Physical_Attributes_and_Properties,Colours
緑,green,Physical_Attributes_and_Properties,Colours
灰,grey,Physical_Attributes_and_Properties,Colours
藍,indigo,Physical_Attributes_and_Properties,Colours
橙,orange,Physical_Attributes_and_Properties,Colours
粉,pink,Physical_Attributes_and_Properties,Colours
赤,red,Physical_Attributes_and_Properties,Colours
緋,scarlet,Physical_Attributes_and_Properties,Colours
銀,silver,Physical_Attributes_and_Properties,Colours
朱,vermilion,Physical_Attributes_and_Properties,Colours
紫,violet,Physical_Attributes_and_Properties,Colours
白,white,Physical_Attributes_and_Properties,Colours
黄,yellow,Physical_Attributes_and_Properties,Colours
彩,brightly coloured,Physical_Attributes_and_Properties,Colours
角,angle,Physical_Attributes_and_Properties,Form_and_Shape
弧,arc,Physical_Attributes_and_Properties,Form_and_Shape
玉,ball,Physical_Attributes_and_Properties,Form_and_Shape
枠,borderframe,Physical_Attributes_and_Properties,Form_and_Shape
境,boundary,Physical_Attributes_and_Properties,Form_and_Shape
円,circle,Physical_Attributes_and_Properties,Form_and_Shape
丸,circular,Physical_Attributes_and_Properties,Form_and_Shape
凹,concave,Physical_Attributes_and_Properties,Form_and_Shape
凸,convex,Physical_Attributes_and_Properties,Form_and_Shape
隅,corner,Physical_Attributes_and_Properties,Form_and_Shape
曲,curve,Physical_Attributes_and_Properties,Form_and_Shape
柄,designpattern,Physical_Attributes_and_Properties,Form_and_Shape
斜,diagonal,Physical_Attributes_and_Properties,Form_and_Shape
縁,edge or border,Physical_Attributes_and_Properties,Form_and_Shape
端,edge or border,Physical_Attributes_and_Properties,Form_and_Shape
端,endtip,Physical_Attributes_and_Properties,Form_and_Shape
姿,figure,Physical_Attributes_and_Properties,Form_and_Shape
巨,huge,Physical_Attributes_and_Properties,Form_and_Shape
大,large,Physical_Attributes_and_Properties,Form_and_Shape
線,line,Physical_Attributes_and_Properties,Form_and_Shape
列,linerow,Physical_Attributes_and_Properties,Form_and_Shape
並,line up,Physical_Attributes_and_Properties,Form_and_Shape
長,long,Physical_Attributes_and_Properties,Form_and_Shape
微,minute,Physical_Attributes_and_Properties,Form_and_Shape
狭,narrow,Physical_Attributes_and_Properties,Form_and_Shape
模,pattern,Physical_Attributes_and_Properties,Form_and_Shape
周,perimeter,Physical_Attributes_and_Properties,Form_and_Shape
環,ringsurround,Physical_Attributes_and_Properties,Form_and_Shape
輪,ringsurround,Physical_Attributes_and_Properties,Form_and_Shape
短,short,Physical_Attributes_and_Properties,Form_and_Shape
側,side,Physical_Attributes_and_Properties,Form_and_Shape
小,small,Physical_Attributes_and_Properties,Form_and_Shape
球,sphere,Physical_Attributes_and_Properties,Form_and_Shape
圏,sphere,Physical_Attributes_and_Properties,Form_and_Shape
高,tall,Physical_Attributes_and_Properties,Form_and_Shape
広,wide,Physical_Attributes_and_Properties,Form_and_Shape
幅,width,Physical_Attributes_and_Properties,Form_and_Shape
浄,clean,Physical_Attributes_and_Properties,Miscellaneous_properties
冷,cold,Physical_Attributes_and_Properties,Miscellaneous_properties
寒,cold,Physical_Attributes_and_Properties,Miscellaneous_properties
濃,concentrated,Physical_Attributes_and_Properties,Miscellaneous_properties
湿,damp,Physical_Attributes_and_Properties,Miscellaneous_properties
深,deep,Physical_Attributes_and_Properties,Miscellaneous_properties
微,delicate,Physical_Attributes_and_Properties,Miscellaneous_properties
薄,dilute or thin,Physical_Attributes_and_Properties,Miscellaneous_properties
汚,dirty,Physical_Attributes_and_Properties,Miscellaneous_properties
干,dry,Physical_Attributes_and_Properties,Miscellaneous_properties
乾,dry,Physical_Attributes_and_Properties,Miscellaneous_properties
太,fat or thick,Physical_Attributes_and_Properties,Miscellaneous_properties
緻,fine,Physical_Attributes_and_Properties,Miscellaneous_properties
固,firm or solid,Physical_Attributes_and_Properties,Miscellaneous_properties
艶,glossy,Physical_Attributes_and_Properties,Miscellaneous_properties
重,heavy,Physical_Attributes_and_Properties,Miscellaneous_properties
硬,hard,Physical_Attributes_and_Properties,Miscellaneous_properties
暑,hot,Physical_Attributes_and_Properties,Miscellaneous_properties
熱,hot,Physical_Attributes_and_Properties,Miscellaneous_properties
軽,light (weight),Physical_Attributes_and_Properties,Miscellaneous_properties
液,liquid,Physical_Attributes_and_Properties,Miscellaneous_properties
潤,moist,Physical_Attributes_and_Properties,Miscellaneous_properties
浅,shallow,Physical_Attributes_and_Properties,Miscellaneous_properties
鋭,sharp,Physical_Attributes_and_Properties,Miscellaneous_properties
細,slender,Physical_Attributes_and_Properties,Miscellaneous_properties
軟,soft,Physical_Attributes_and_Properties,Miscellaneous_properties
粘,sticky,Physical_Attributes_and_Properties,Miscellaneous_properties
強,strong,Physical_Attributes_and_Properties,Miscellaneous_properties
厚,thick,Physical_Attributes_and_Properties,Miscellaneous_properties
温,warm,Physical_Attributes_and_Properties,Miscellaneous_properties
暖,warm,Physical_Attributes_and_Properties,Miscellaneous_properties
弱,weak,Physical_Attributes_and_Properties,Miscellaneous_properties
央,Centre,Directions_and_Spatial_Relationships,
東,East,Directions_and_Spatial_Relationships,
北,North,Directions_and_Spatial_Relationships,
南,South,Directions_and_Spatial_Relationships,
西,West,Directions_and_Spatial_Relationships,
後,back,Directions_and_Spatial_Relationships,
間,between,Directions_and_Spatial_Relationships,
底,bottom,Directions_and_Spatial_Relationships,
遠,distant,Directions_and_Spatial_Relationships,
下,down,Directions_and_Spatial_Relationships,
前,front,Directions_and_Spatial_Relationships,
入,in,Directions_and_Spatial_Relationships,
内,inside,Directions_and_Spatial_Relationships,
奥,interior,Directions_and_Spatial_Relationships,
左,left,Directions_and_Spatial_Relationships,
中,middle,Directions_and_Spatial_Relationships,
近,near,Directions_and_Spatial_Relationships,
出,out,Directions_and_Spatial_Relationships,
外,outside,Directions_and_Spatial_Relationships,
裏,rear,Directions_and_Spatial_Relationships,
右,right,Directions_and_Spatial_Relationships,
向,toward,Directions_and_Spatial_Relationships,
上,up,Directions_and_Spatial_Relationships,
浩,vast,Directions_and_Spatial_Relationships,
来,to come,Directions_and_Spatial_Relationships,Movement
离,to depart or to leave,Directions_and_Spatial_Relationships,Movement
圜,to encircle,Directions_and_Spatial_Relationships,Movement
落,to fall,Directions_and_Spatial_Relationships,Movement
墜,to fall,Directions_and_Spatial_Relationships,Movement
行,to go or to perform,Directions_and_Spatial_Relationships,Movement
往,to go to,Directions_and_Spatial_Relationships,Movement
越,to pass or go beyond,Directions_and_Spatial_Relationships,Movement
揚,to raise,Directions_and_Spatial_Relationships,Movement
帰,to return,Directions_and_Spatial_Relationships,Movement
倒,to reverse,Directions_and_Spatial_Relationships,Movement
搬,to transport,Directions_and_Spatial_Relationships,Movement
旅,to travel,Directions_and_Spatial_Relationships,Movement
赴,to visit,Directions_and_Spatial_Relationships,Movement
零,0,Numbers,
一,1,Numbers,
二,2,Numbers,
三,3,Numbers,
四,4,Numbers,
五,5,Numbers,
六,6,Numbers,
七,7,Numbers,
八,8,Numbers,
九,9,Numbers,
十,10,Numbers,
百,100,Numbers,
千,1000,Numbers,
万,10000,Numbers,
億,100000000,Numbers,
兆,1000000000000,Numbers,
加,to add,Numbers,Calculations
耗,to consume,Numbers,Calculations
減,todecreasetosubtract,Numbers,Calculations
分,to divide,Numbers,Calculations
除,to divide,Numbers,Calculations
倍,todoubletimes,Numbers,Calculations
剖,tohalvesplitintwo,Numbers,Calculations
増,to increase,Numbers,Calculations
殖,to increase,Numbers,Calculations
乘,to multiply,Numbers,Calculations
縮,toreduceshrink,Numbers,Calculations
匹,counter for animals,Numbers,Counters
羽,counterforanimalsbirdsandrabbits,Numbers,Counters
頭,counterforanimalslarge,Numbers,Counters
疋,counterforanimalssmallorinsects,Numbers,Counters
個,counter for articles,Numbers,Counters
札,counter for bonds or tickets,Numbers,Counters
冊,counter for books,Numbers,Counters
斤,counterforbreadloaves,Numbers,Counters
杯,counter for cupfuls,Numbers,Counters
本,counter for cylindrical things,Numbers,Counters
枚,counter for flat things,Numbers,Counters
輪,counter for flowers or wheels,Numbers,Counters
足,counterforfootwearpairs,Numbers,Counters
軒,counter for houses,Numbers,Counters
戸,counter for houses,Numbers,Counters
台,counter for machines and vehicles,Numbers,Counters
人,counter for people,Numbers,Counters
隻,counter for ships,Numbers,Counters
畳,counter for tatami mats,Numbers,Counters
基,counter for stable structures,Numbers,Counters
丁,miscellaneous counter,Numbers,Counters
番,numerical order,Numbers,Counting_&_Sequence
初,first,Numbers,Counting_&_Sequence
乙,second,Numbers,Counting_&_Sequence
丙,third,Numbers,Counting_&_Sequence
第,ordinal marker,Numbers,Counting_&_Sequence
両,both,Numbers,Counting_&_Sequence
桁,digit,Numbers,Counting_&_Sequence
各,each,Numbers,Counting_&_Sequence
毎,every,Numbers,Counting_&_Sequence
少,few,Numbers,Counting_&_Sequence
翌,the following,Numbers,Counting_&_Sequence
半,half,Numbers,Counting_&_Sequence
多,many,Numbers,Counting_&_Sequence
次,next,Numbers,Counting_&_Sequence
双,pair,Numbers,Counting_&_Sequence
順,sequence,Numbers,Counting_&_Sequence
坪,two-mat area (around 3.3 m²),Numbers,Units_of_Measurement
畝,30 tsubo (99 m2),Numbers,Units_of_Measurement
尺,Japanese foot (around 30 cm),Numbers,Units_of_Measurement
寸,1/10 Japanese foot (around 3 cm),Numbers,Units_of_Measurement
厘,(around 0.3 mm),Numbers,Units_of_Measurement
里,league (around 3.9 km),Numbers,Units_of_Measurement
勺,ladle (around 18 ml),Numbers,Units_of_Measurement
升,(around 1.8 L),Numbers,Units_of_Measurement
斗,(around 18 L),Numbers,Units_of_Measurement
石,(around 180 L),Numbers,Units_of_Measurement
匁,(around 3.75 grams),Numbers,Units_of_Measurement
斤,(around 600 g),Numbers,Units_of_Measurement
後,after,Time,
先,aheadprevious,Time,
昔,antiquity,Time,
前,before,Time,
始,begin,Time,
早,early,Time,
終,end,Time,
紀,era,Time,
永,eternity,Time,
旧,former,Time,
曽,formerly,Time,
間,interval of time,Time,
遅,late,Time,
久,long ago,Time,
際,momentoccasion,Time,
新,new,Time,
今,now,Time,
回,number of times,Time,
度,number of times,Time,
古,old,Time,
老,old,Time,
昨,previous time,Time,
近,recent,Time,
頃,timeabout,Time,
期,time period,Time,
暫,a while,Time,
若,young,Time,
日,Sunday,Time,Days_of_the_Week
月,Monday,Time,Days_of_the_Week
火,Tuesday,Time,Days_of_the_Week
水,Wednesday,Time,Days_of_the_Week
木,Thursday,Time,Days_of_the_Week
金,Friday,Time,Days_of_the_Week
土,Saturday,Time,Days_of_the_Week
鐘,clock,Time,Divisions_of_the_Day
昼,daytime,Time,Divisions_of_the_Day
宵,early evening,Time,Divisions_of_the_Day
夕,evening,Time,Divisions_of_the_Day
晩,evening,Time,Divisions_of_the_Day
時,hour,Time,Divisions_of_the_Day
分,minute,Time,Divisions_of_the_Day
朝,morning,Time,Divisions_of_the_Day
夜,night,Time,Divisions_of_the_Day
午,noon,Time,Divisions_of_the_Day
旭,rising sun,Time,Divisions_of_the_Day
秒,second,Time,Divisions_of_the_Day
暁,sunrise,Time,Divisions_of_the_Day
旦,sunrise,Time,Divisions_of_the_Day
暮,sunset,Time,Divisions_of_the_Day
暦,calendar,Time,Divisions_of_the_Year
日,day,Time,Divisions_of_the_Year
曜,day of week,Time,Divisions_of_the_Year
月,month,Time,Divisions_of_the_Year
旬,period of 10 days,Time,Divisions_of_the_Year
週,week,Time,Divisions_of_the_Year
年,year,Time,Divisions_of_the_Year
節,seasonperiod,Time,Seasons
春,Spring,Time,Seasons
夏,Summer,Time,Seasons
秋,Autumn,Time,Seasons
冬,Winter,Time,Seasons
欃,comet,Nature,Sky
食,eclipse,Nature,Sky
天,heavensky,Nature,Sky
月,moon,Nature,Sky
星,star,Nature,Sky
日,sun,Nature,Sky
宇,universe,Nature,Sky
空,voidsky,Nature,Sky
気,air,Nature,Natural_Substances
窒,nitrogen,Nature,Natural_Substances
氧,oxygen,Nature,Natural_Substances
汽,steam or vapour,Nature,Natural_Substances
酸,acid or vinegar,Nature,Natural_Substances
脂,fat or resin,Nature,Natural_Substances
油,oil,Nature,Natural_Substances
水,water,Nature,Natural_Substances
灰,ash,Nature,Natural_Substances
丹,cinnabar,Nature,Natural_Substances
炭,coal,Nature,Natural_Substances
銅,copper,Nature,Natural_Substances
晶,crystal,Nature,Natural_Substances
土,earth,Nature,Natural_Substances
地,ground,Nature,Natural_Substances
氷,ice,Nature,Natural_Substances
鉄,iron,Nature,Natural_Substances
玉,jewel,Nature,Natural_Substances
鉛,lead,Nature,Natural_Substances
金,metal or gold,Nature,Natural_Substances
泥,mud,Nature,Natural_Substances
鉱,ore,Nature,Natural_Substances
珠,pearl or jewel,Nature,Natural_Substances
銑,pig iron,Nature,Natural_Substances
塩,salt,Nature,Natural_Substances
砂,sand,Nature,Natural_Substances
沙,sand,Nature,Natural_Substances
銀,silver,Nature,Natural_Substances
鋼,steel,Nature,Natural_Substances
石,stone,Nature,Natural_Substances
硫,sulphur,Nature,Natural_Substances
材,timber or material,Nature,Natural_Substances
錫,tin,Nature,Natural_Substances
鋅,zinc,Nature,Natural_Substances
晴,clear or fine weather,Nature,Weather
候,climate,Nature,Weather
雲,cloud,Nature,Weather
曇,cloudy,Nature,Weather
冷,cold,Nature,Weather
霧,fog,Nature,Weather
霞,haze,Nature,Weather
霜,frost,Nature,Weather
雹,hail,Nature,Weather
熱,heat,Nature,Weather
閃,lightning,Nature,Weather
靄,mist,Nature,Weather
災,natural disaster,Nature,Weather
𠆭,overcast,Nature,Weather
雨,rain,Nature,Weather
虹,rainbow,Nature,Weather
雪,snow,Nature,Weather
嵐,storm,Nature,Weather
雷,thunder,Nature,Weather
風,wind,Nature,Weather
炎,blaze or flame,Nature,Weather
焰,blaze or flame,Nature,Weather
暗,dark,Nature,Weather
闇,dark,Nature,Weather
冥,dark,Nature,Weather
露,dew,Nature,Weather
震,earthquake,Nature,Weather
電,electricity,Nature,Weather
火,fire,Nature,Weather
洪,flood,Nature,Weather
煙,fumes or smoke,Nature,Weather
光,light,Nature,Weather
明,light,Nature,Weather
磁,magnet,Nature,Weather
影,shadow,Nature,Weather
潮,tide,Nature,Weather
波,wave,Nature,Weather
渦,whirlpool,Nature,Weather
岩,boulder or rock,Nature,Land_and_Topography
巌,boulder or rock,Nature,Land_and_Topography
窟,cave,Nature,Land_and_Topography
崖,cliff,Nature,Land_and_Topography
里,countryside,Nature,Land_and_Topography
漠,desert,Nature,Land_and_Topography
堀,ditch,Nature,Land_and_Topography
堤,embankment,Nature,Land_and_Topography
壌,fertile soil,Nature,Land_and_Topography
野,field,Nature,Land_and_Topography
畑,field,Nature,Land_and_Topography
原,field,Nature,Land_and_Topography
麓,foot of mountain,Nature,Land_and_Topography
峡,gorge,Nature,Land_and_Topography
岬,headland,Nature,Land_and_Topography
丘,hill,Nature,Land_and_Topography
岡,hill,Nature,Land_and_Topography
阜,hill,Nature,Land_and_Topography
山,mountain or peak,Nature,Land_and_Topography
岳,mountain or peak,Nature,Land_and_Topography
峰,mountain or peak,Nature,Land_and_Topography
峠,mountain pass,Nature,Land_and_Topography
溪,mountain stream or valley,Nature,Land_and_Topography
牧,pasture,Nature,Land_and_Topography
渓,ravine,Nature,Land_and_Topography
田,rice paddy,Nature,Land_and_Topography
坂,slope,Nature,Land_and_Topography
谷,valley,Nature,Land_and_Topography
湾,bay or gulf,Nature,Land_and_Topography
浜,beach,Nature,Land_and_Topography
浦,beach,Nature,Land_and_Topography
崎,cape or promontory,Nature,Land_and_Topography
埼,cape or promontory,Nature,Land_and_Topography
沖,highseasoffshore,Nature,Land_and_Topography
島,island,Nature,Land_and_Topography
潟,lagoon,Nature,Land_and_Topography
洋,ocean,Nature,Land_and_Topography
瀬,rapids or shallows,Nature,Land_and_Topography
礁,reef,Nature,Land_and_Topography
海,sea,Nature,Land_and_Topography
磯,seashore,Nature,Land_and_Topography
岸,shore,Nature,Land_and_Topography
江,creek,Nature,Land_and_Topography
湖,lake,Nature,Land_and_Topography
畔,levee,Nature,Land_and_Topography
沼,marsh,Nature,Land_and_Topography
池,pond,Nature,Land_and_Topography
川,river,Nature,Land_and_Topography
河,stream,Nature,Land_and_Topography
沢,swamp,Nature,Land_and_Topography
泉,water spring,Nature,Land_and_Topography
滝,waterfall,Nature,Land_and_Topography
蛙,frog,Nature,Animals
蠑,salamander,Nature,Animals
鯢,salamander,Nature,Animals
鶏,chicken,Nature,Animals
鶴,crane,Nature,Animals
烏/鴉,crow,Nature,Animals
鳩,dovepigeon,Nature,Animals
鴨,duck,Nature,Animals
鷲,eagle,Nature,Animals
鷺,egret or heron,Nature,Animals
鷹,hawk,Nature,Animals
鶯,oriolenightingalewarbler,Nature,Animals
梟,owl,Nature,Animals
鶉,quail,Nature,Animals
鴎,seagull,Nature,Animals
雀,sparrow,Nature,Animals
燕,swallow,Nature,Animals
鰤,amberjack,Nature,Animals
鰍,bullhead,Nature,Animals
鯉,carp,Nature,Animals
鯰,catfish,Nature,Animals
鱈,cod,Nature,Animals
鮒,crucian carp,Nature,Animals
鰻,eel,Nature,Animals
鰈/鮃,flounder,Nature,Animals
鯊,goby,Nature,Animals
鰊,herring,Nature,Animals
鯵,horse mackerel / scad,Nature,Animals
鯖,mackerel,Nature,Animals
鮠,minnow,Nature,Animals
蛸,octopus,Nature,Animals
鱸,sea bass,Nature,Animals
鯛,sea bream,Nature,Animals
鮭,salmon,Nature,Animals
鮫,shark,Nature,Animals
貝,shellfish,Nature,Animals
鮃,sole,Nature,Animals
鰯,sardine,Nature,Animals
鰌,stone loach,Nature,Animals
鱒,trout,Nature,Animals
蟻,ant,Nature,Animals
蜂,bee,Nature,Animals
蛣,beetle,Nature,Animals
蝶,butterfly,Nature,Animals
螗,cicada,Nature,Animals
蝉,cicada,Nature,Animals
蜻,dragonfly,Nature,Animals
蛍,firefly,Nature,Animals
螳,mantis,Nature,Animals
蚊,mosquito,Nature,Animals
蛾,moth,Nature,Animals
蚕,silkworm,Nature,Animals
蛆,worm/grub/maggot,Nature,Animals
獾,badger,Nature,Animals
蝠,bat,Nature,Animals
熊,bear,Nature,Animals
猫,cat,Nature,Animals
牛,DEFAULT,Nature,Animals
鹿,deer,Nature,Animals
犬,dog,Nature,Animals
狗,dog,Nature,Animals
鯆,dolphin,Nature,Animals
象,elephant,Nature,Animals
狐,fox,Nature,Animals
馬,horse,Nature,Animals
豹,leopard,Nature,Animals
獅,lion,Nature,Animals
畜,livestock,Nature,Animals
猿,monkey,Nature,Animals
鼠,mouse or rat,Nature,Animals
獺,otter,Nature,Animals
猩,orangutan,Nature,Animals
兎,rabbit,Nature,Animals
犀,rhinoceros,Nature,Animals
豬,pig,Nature,Animals
豚,pig,Nature,Animals
羊,sheep,Nature,Animals
𠁥,sheep,Nature,Animals
狸,tanuki,Nature,Animals
虎,tiger,Nature,Animals
鼬,weasel,Nature,Animals
鯨,whale,Nature,Animals
狼,wolf,Nature,Animals
鰐,alligator or crocodile,Nature,Animals
龍,dragon,Nature,Animals
竜,dragon,Nature,Animals
蛇,snake,Nature,Animals
龜,turtle,Nature,Animals
亀,turtle,Nature,Animals
爪,claw,Nature,Animals
牙,fangtusk,Nature,Animals
羽,feather,Nature,Animals
毛,fur,Nature,Animals
角,horn,Nature,Animals
尾,tail,Nature,Animals
翼,wing,Nature,Animals
竹,bamboo,Nature,Plants_and_Trees
茨,brier,Nature,Plants_and_Trees
杉,cedar,Nature,Plants_and_Trees
桜,cherry,Nature,Plants_and_Trees
菊,chrysanthemum,Nature,Plants_and_Trees
桂,cinnamon tree,Nature,Plants_and_Trees
栽,the cultivation of plants,Nature,Plants_and_Trees
麻,flax or hemp,Nature,Plants_and_Trees
花,flower,Nature,Plants_and_Trees
森,forest,Nature,Plants_and_Trees
草,grass,Nature,Plants_and_Trees
林,grove,Nature,Plants_and_Trees
栃,horse chestnut,Nature,Plants_and_Trees
桑,mulberry,Nature,Plants_and_Trees
桃,peach,Nature,Plants_and_Trees
梨,pear,Nature,Plants_and_Trees
柿,persimmon,Nature,Plants_and_Trees
松,pine,Nature,Plants_and_Trees
梅,plum,Nature,Plants_and_Trees
稲,rice plant,Nature,Plants_and_Trees
桜,sakura,Nature,Plants_and_Trees
木,wood,Nature,Plants_and_Trees
葛,vine,Nature,Plants_and_Trees
柳,willow,Nature,Plants_and_Trees
藤,wisteria,Nature,Plants_and_Trees
藻,algae or seaweed,Nature,Plants_and_Trees
黴,mold,Nature,Plants_and_Trees
茸,mushroom,Nature,Plants_and_Trees
枝,branch,Nature,Plants_and_Trees
芽,bud,Nature,Plants_and_Trees
葉,leaf,Nature,Plants_and_Trees
瓣,petal,Nature,Plants_and_Trees
根,root,Nature,Plants_and_Trees
苗,seedling,Nature,Plants_and_Trees
茎,stem,Nature,Plants_and_Trees
幹,tree trunk,Nature,Plants_and_Trees
者,person (usually with qualifier),People,General
民,people,People,General
私,I or me,People,General
僕,I or me,People,General
俺,I or me,People,General
自,oneself,People,General
己,oneself,People,General
我,selfego,People,General
君,you,People,General
子,child,People,General
児,child,People,General
童,juvenile,People,General
徒,gang or junior,People,General
彼,he,People,General
坊,boysonny,People,General
郎,sonboy,People,General
男,man,People,General
翁,old man,People,General
嬢,young lady,People,General
女,woman,People,General
婆,old woman,People,General
主,master or husband,People,Roles_and_status
夫,husband or man,People,Roles_and_status
妻,wife,People,Roles_and_status
婦,wife or lady,People,Roles_and_status
王,king,People,Roles_and_status
皇,emperor or sovereign,People,Roles_and_status
帝,Mikado or emperor,People,Roles_and_status
姫,princess,People,Roles_and_status
媛,princess,People,Roles_and_status
妃,princessqueen,People,Roles_and_status
后,empress,People,Roles_and_status
伯,earlcount,People,Roles_and_status
侯,lordmarquis,People,Roles_and_status
爵,noble rank,People,Roles_and_status
士,man or gentleman,People,Roles_and_status
方,honorable person,People,Roles_and_status
漢,honorable man or Han person,People,Roles_and_status
彦,boyhigh-statusman,People,Roles_and_status
傑,great man,People,Roles_and_status
紳,gentleman,People,Roles_and_status
氏,courtesy title,People,Roles_and_status
長,leader,People,Roles_and_status
係,person in charge,People,Roles_and_status
督,supervisor,People,Roles_and_status
師,expert,People,Roles_and_status
仲,intermediary,People,Roles_and_status
使,messenger,People,Roles_and_status
医,doctor,People,Roles_and_status
友,friend,People,Roles_and_status
僚,colleague,People,Roles_and_status
輩,fellowcomrade,People,Roles_and_status
客,guestcustomer,People,Roles_and_status
賓,guestVIP,People,Roles_and_status
隣,neighbour,People,Roles_and_status
奴,servantfellow,People,Roles_and_status
隷,underling,People,Roles_and_status
仙,hermit,People,Roles_and_status
名,name,People,Family
父,father,People,Family
母,mother,People,Family
親,parent,People,Family
嫁,wifebride,People,Family
娘,daughter,People,Family
弟,younger brother,People,Family
妹,younger sister,People,Family
兄,older brother,People,Family
姉,older sister,People,Family
爺,grandfather,People,Family
婆,grandmother,People,Family
祖,ancestor,People,Family
孫,grandchild,People,Family
叔,auntuncle,People,Family
伯,auntuncle,People,Family
甥,nephew,People,Family
姪,niece,People,Family
婿,son-in-lawbridegroom,People,Family
昆,descendants,People,Family
戚,relatives,People,Family
婚,marry,People,Family
姻,matrimony,People,Family
嫡,legitimate wife/family,People,Family
寡,widow,People,Family
国,country,People,Groups
社,company,People,Groups
派,factiongroup,People,Groups
組,associationassemble,People,Groups
群,flockcrowd,People,Groups
肉,flesh,Body,Body_General
血,blood,Body,Body_General
脈,vein,Body,Body_General
筋,muscles,Body,Body_General
骨,bone,Body,Body_General
髄,marrow,Body,Body_General
節,joint,Body,Body_General
皮,skin,Body,Body_General
膚,skin,Body,Body_General
肌,skin,Body,Body_General
皺,wrinkle,Body,Body_General
腺,gland,Body,Body_General
脳,brain,Body,Head_and_Neck
髪,hair,Body,Head_and_Neck
顔,face,Body,Head_and_Neck
髭,beard,Body,Head_and_Neck
額,forehead,Body,Head_and_Neck
耳,ear,Body,Head_and_Neck
目,eye,Body,Head_and_Neck
眼,eyeball,Body,Head_and_Neck
眉,eyebrow,Body,Head_and_Neck
瞳,pupil,Body,Head_and_Neck
鼻,nose,Body,Head_and_Neck
顎,jaw,Body,Head_and_Neck
口,mouth,Body,Head_and_Neck
唇,lips,Body,Head_and_Neck
歯,tooth,Body,Head_and_Neck
舌,tongue,Body,Head_and_Neck
頬,cheek,Body,Head_and_Neck
頤,chin,Body,Head_and_Neck
喉,throat,Body,Head_and_Neck
咽,throat,Body,Head_and_Neck
胴,torso,Body,Torso_and_organs
背,back,Body,Torso_and_organs
脊,backbone,Body,Torso_and_organs
呂,backbone,Body,Torso_and_organs
椎,backbone,Body,Torso_and_organs
肋,rib,Body,Torso_and_organs
胸,chest,Body,Torso_and_organs
腹,stomach,Body,Torso_and_organs
胃,stomach,Body,Torso_and_organs
臍,navel,Body,Torso_and_organs
腰,waist,Body,Torso_and_organs
臓,entrails,Body,Torso_and_organs
腸,intestines,Body,Torso_and_organs
心,heart,Body,Torso_and_organs
肺,lung,Body,Torso_and_organs
肝,liver,Body,Torso_and_organs
膵,pancreas,Body,Torso_and_organs
腎,kidney,Body,Torso_and_organs
胆,gall bladder,Body,Torso_and_organs
肛,anus,Body,Torso_and_organs
膣,vagina,Body,Torso_and_organs
腕,arm,Body,Limbs
肩,shoulder,Body,Limbs
脇,armpit,Body,Limbs
肘,elbow,Body,Limbs
手,hand,Body,Limbs
拳,fist,Body,Limbs
指,finger,Body,Limbs
爪,nail,Body,Limbs
掌,palm,Body,Limbs
尻,buttocks,Body,Limbs
股,thighs,Body,Limbs
脚,leg,Body,Limbs
足,legfoot,Body,Limbs
膝,knee,Body,Limbs
踝,ankle,Body,Limbs
踵,heel,Body,Limbs
生,birth,Body,Bodily_Functions
産,give birth,Body,Bodily_Functions
息,breath,Body,Bodily_Functions
夢,dream,Body,Bodily_Functions
便,faeces,Body,Bodily_Functions
胎,foetus,Body,Bodily_Functions
妊,pregnant,Body,Bodily_Functions
娠,pregnant,Body,Bodily_Functions
唾,saliva,Body,Bodily_Functions
寝,sleep,Body,Bodily_Functions
眠,sleep,Body,Bodily_Functions
睡,sleep,Body,Bodily_Functions
精,sperm,Body,Bodily_Functions
哺,suckle,Body,Bodily_Functions
汗,sweat,Body,Bodily_Functions
泪,tear,Body,Bodily_Functions
涙,tear,Body,Bodily_Functions
尿,urine,Body,Bodily_Functions
癌,cancer,Body,Health
骸,corpse,Body,Health
治,cure,Body,Health
死,death,Body,Health
痢,diarrhea,Body,Health
症,disease,Body,Health
疾,disease,Body,Health
医,doctor or medicine,Body,Health
薬,drug,Body,Health
疫,epidemic,Body,Health
療,heal,Body,Health
癒,heal,Body,Health
病,illness,Body,Health
生,life,Body,Health
剤,medicine,Body,Health
痛,pain,Body,Health
錠,pill,Body,Health
痘,pox,Body,Health
休,rest,Body,Health
痕,scar,Body,Health
患,sick,Body,Health
力,strength,Body,Health
疲,tired,Body,Health
瘍,ulcer,Body,Health
痩,weight loss,Body,Health
傷,wound,Body,Health
立,stand up,Body,Actions
走,run,Body,Actions
座,sit,Body,Actions
踊,jump,Body,Actions
歩,walk,Body,Actions
泳,swim,Body,Actions
止,stop,Body,Actions
崇,adoration or reverence,Emotions_and_Senses,Emotions
慕,adoration or reverence,Emotions_and_Senses,Emotions
慈,affection or benevolence,Emotions_and_Senses,Emotions
怒,anger,Emotions_and_Senses,Emotions
煩,anxietyannoyance,Emotions_and_Senses,Emotions
畏,apprehension,Emotions_and_Senses,Emotions
惑,bewilderment,Emotions_and_Senses,Emotions
迷,confusion,Emotions_and_Senses,Emotions
紛,confusion,Emotions_and_Senses,Emotions
楽,comfort,Emotions_and_Senses,Emotions
蔑,contempt,Emotions_and_Senses,Emotions
喜,delightjoy,Emotions_and_Senses,Emotions
歓,delightjoy,Emotions_and_Senses,Emotions
欲,desire,Emotions_and_Senses,Emotions
慌,disconcerting,Emotions_and_Senses,Emotions
嫌,dislike,Emotions_and_Senses,Emotions
疑,doubt or suspicion,Emotions_and_Senses,Emotions
惧,dread,Emotions_and_Senses,Emotions
怖,dread,Emotions_and_Senses,Emotions
悦,ecstasy,Emotions_and_Senses,Emotions
妬,envyjealousy,Emotions_and_Senses,Emotions
羨,envyjealousy,Emotions_and_Senses,Emotions
嫉,envyjealousy,Emotions_and_Senses,Emotions
慄,fear,Emotions_and_Senses,Emotions
恐,fear,Emotions_and_Senses,Emotions
虞,fear,Emotions_and_Senses,Emotions
娯,fun,Emotions_and_Senses,Emotions
戚,grief,Emotions_and_Senses,Emotions
幸,happy,Emotions_and_Senses,Emotions
憎,hate,Emotions_and_Senses,Emotions
憤,indignation,Emotions_and_Senses,Emotions
慶,jubilation,Emotions_and_Senses,Emotions
笑,laughter,Emotions_and_Senses,Emotions
好,like,Emotions_and_Senses,Emotions
寂,loneliness,Emotions_and_Senses,Emotions
憧,longingyearning,Emotions_and_Senses,Emotions
愛,love,Emotions_and_Senses,Emotions
恋,love,Emotions_and_Senses,Emotions
愁,melancholy,Emotions_and_Senses,Emotions
鬱,melancholy,Emotions_and_Senses,Emotions
気,mood,Emotions_and_Senses,Emotions
快,DEFAULT,Emotions_and_Senses,Emotions
傲,pride,Emotions_and_Senses,Emotions
惜,regret,Emotions_and_Senses,Emotions
憾,regret,Emotions_and_Senses,Emotions
悔,remorse,Emotions_and_Senses,Emotions
恨,resentment,Emotions_and_Senses,Emotions
怨,resentment,Emotions_and_Senses,Emotions
恭,respect,Emotions_and_Senses,Emotions
敬,respect,Emotions_and_Senses,Emotions
哀,sadness or pity,Emotions_and_Senses,Emotions
恥,shame,Emotions_and_Senses,Emotions
羞,shame,Emotions_and_Senses,Emotions
驚,surprise,Emotions_and_Senses,Emotions
激,violent excitement,Emotions_and_Senses,Emotions
暴,violent rage,Emotions_and_Senses,Emotions
憂,worry,Emotions_and_Senses,Emotions
懐,yearning,Emotions_and_Senses,Emotions
憬,yearning,Emotions_and_Senses,Emotions
to,Hear (聞),Emotions_and_Senses,Senses
聴,listen,Emotions_and_Senses,Senses
音,sound,Emotions_and_Senses,Senses
静,quiet,Emotions_and_Senses,Senses
to,See (見),Emotions_and_Senses,Senses
盲,blind,Emotions_and_Senses,Senses
to,Smell (嗅),Emotions_and_Senses,Senses
馝,aromastrongfragrance,Emotions_and_Senses,Senses
臭,bad smell,Emotions_and_Senses,Senses
匂,fragrance,Emotions_and_Senses,Senses
芳,fragrant,Emotions_and_Senses,Senses
香,pleasant smell,Emotions_and_Senses,Senses
辛,pungent,Emotions_and_Senses,Senses
to,Taste (味),Emotions_and_Senses,Senses
辣,bitter,Emotions_and_Senses,Senses
酸,sour,Emotions_and_Senses,Senses
辣,spicy,Emotions_and_Senses,Senses
甘,sweet,Emotions_and_Senses,Senses
to,Feel (触),Emotions_and_Senses,Senses
悪,bad,Emotions_and_Senses,Judgment
正,correct,Emotions_and_Senses,Judgment
良,good,Emotions_and_Senses,Judgment
善,good,Emotions_and_Senses,Judgment
理,reason,Emotions_and_Senses,Judgment
思,to think,Emotions_and_Senses,Judgment
考,to think,Emotions_and_Senses,Judgment
酒,alcoholic drink,Food_and_Drink,
麦,barley or wheat,Food_and_Drink,
豆,bean,Food_and_Drink,
穀,cereal,Food_and_Drink,
栗,chestnut,Food_and_Drink,
飯,cookedricemeal,Food_and_Drink,
菓,confectionery,Food_and_Drink,
酪,dairy products,Food_and_Drink,
穂,ear of grain,Food_and_Drink,
卵,egg,Food_and_Drink,
粉,flour,Food_and_Drink,
果,fruit,Food_and_Drink,
実,fruit,Food_and_Drink,
粒,grain,Food_and_Drink,
蜜,honey,Food_and_Drink,
汁,juicesoup,Food_and_Drink,
肉,meat,Food_and_Drink,
乳,milk,Food_and_Drink,
麺,noodles,Food_and_Drink,
芋,potato,Food_and_Drink,
漬,pickle,Food_and_Drink,
米,rice,Food_and_Drink,
餅,rice cake,Food_and_Drink,
酎,sake,Food_and_Drink,
糖,sugar,Food_and_Drink,
鮨,sushi,Food_and_Drink,
茶,tea,Food_and_Drink,
菜,vegetable,Food_and_Drink,
酢,vinegar,Food_and_Drink,
焼,to bake,Food_and_Drink,Cooking
煎,toboilroast,Food_and_Drink,Cooking
丼,bowl of food,Food_and_Drink,Cooking
醸,to brew,Food_and_Drink,Cooking
箸,chopsticks,Food_and_Drink,Cooking
揚,to fry,Food_and_Drink,Cooking
酌,to serve alcohol,Food_and_Drink,Cooking
蒸,to steam,Food_and_Drink,Cooking
畿,capital,Artificial_Structures_and_Products,Cities
京,capital city,Artificial_Structures_and_Products,Cities
都,metropolis,Artificial_Structures_and_Products,Cities
街,city district,Artificial_Structures_and_Products,Cities
町,town,Artificial_Structures_and_Products,Cities
荘,villa,Artificial_Structures_and_Products,Cities
村,village,Artificial_Structures_and_Products,Cities
区,ward,Artificial_Structures_and_Products,Cities
軸,axle,Artificial_Structures_and_Products,Vehicles_and_Machines
搭,to board or load,Artificial_Structures_and_Products,Vehicles_and_Machines
舟,boat,Artificial_Structures_and_Products,Vehicles_and_Machines
械,contraption,Artificial_Structures_and_Products,Vehicles_and_Machines
舶,oceangoing ship,Artificial_Structures_and_Products,Vehicles_and_Machines
力,power,Artificial_Structures_and_Products,Vehicles_and_Machines
乗,to ride,Artificial_Structures_and_Products,Vehicles_and_Machines
船,ship,Artificial_Structures_and_Products,Vehicles_and_Machines
艇,ship,Artificial_Structures_and_Products,Vehicles_and_Machines
舷,sides of a boat,Artificial_Structures_and_Products,Vehicles_and_Machines
装,attire,Artificial_Structures_and_Products,Clothing_and_Textiles
帯,belt,Artificial_Structures_and_Products,Clothing_and_Textiles
錦,brocade,Artificial_Structures_and_Products,Clothing_and_Textiles
襟,collar,Artificial_Structures_and_Products,Clothing_and_Textiles
綿,cotton,Artificial_Structures_and_Products,Clothing_and_Textiles
裾,cuff or hem,Artificial_Structures_and_Products,Clothing_and_Textiles
維,fibre,Artificial_Structures_and_Products,Clothing_and_Textiles
履,footwear,Artificial_Structures_and_Products,Clothing_and_Textiles
衣,garment,Artificial_Structures_and_Products,Clothing_and_Textiles
帽,hat,Artificial_Structures_and_Products,Clothing_and_Textiles
革,leather,Artificial_Structures_and_Products,Clothing_and_Textiles
縫,to sew,Artificial_Structures_and_Products,Clothing_and_Textiles
靴,shoes,Artificial_Structures_and_Products,Clothing_and_Textiles
絹,silk,Artificial_Structures_and_Products,Clothing_and_Textiles
袖,sleeve,Artificial_Structures_and_Products,Clothing_and_Textiles
紡,to spin or weave,Artificial_Structures_and_Products,Clothing_and_Textiles
糸,thread,Artificial_Structures_and_Products,Clothing_and_Textiles
巾,towel,Artificial_Structures_and_Products,Clothing_and_Textiles
着,to wear,Artificial_Structures_and_Products,Clothing_and_Textiles
織,to weave,Artificial_Structures_and_Products,Clothing_and_Textiles
品,article,Artificial_Structures_and_Products,Miscellaneous_Manufactured_Items
斤,axe,Artificial_Structures_and_Products,Miscellaneous_Manufactured_Items
袋,bag,Artificial_Structures_and_Products,Miscellaneous_Manufactured_Items
盆,basin or tray,Artificial_Structures_and_Products,Miscellaneous_Manufactured_Items
籠,basket,Artificial_Structures_and_Products,Miscellaneous_Manufactured_Items
床,bed,Artificial_Structures_and_Products,Miscellaneous_Manufactured_Items
鈴,bell,Artificial_Structures_and_Products,Miscellaneous_Manufactured_Items
鐘,bell,Artificial_Structures_and_Products,Miscellaneous_Manufactured_Items
盤,board or disk,Artificial_Structures_and_Products,Miscellaneous_Manufactured_Items
板,board or plate,Artificial_Structures_and_Products,Miscellaneous_Manufactured_Items
瓶,bottle or jar,Artificial_Structures_and_Products,Miscellaneous_Manufactured_Items
鉢,bowl,Artificial_Structures_and_Products,Miscellaneous_Manufactured_Items
丼,bowl,Artificial_Structures_and_Products,Miscellaneous_Manufactured_Items
箱,box,Artificial_Structures_and_Products,Miscellaneous_Manufactured_Items
鋳,casting,Artificial_Structures_and_Products,Miscellaneous_Manufactured_Items
鎖,chain,Artificial_Structures_and_Products,Miscellaneous_Manufactured_Items
椅,chair,Artificial_Structures_and_Products,Miscellaneous_Manufactured_Items
棺,coffin,Artificial_Structures_and_Products,Miscellaneous_Manufactured_Items
索,cord,Artificial_Structures_and_Products,Miscellaneous_Manufactured_Items
箸,chopsticks,Artificial_Structures_and_Products,Miscellaneous_Manufactured_Items
杯,cup,Artificial_Structures_and_Products,Miscellaneous_Manufactured_Items
幕,curtain,Artificial_Structures_and_Products,Miscellaneous_Manufactured_Items
机,desk,Artificial_Structures_and_Products,Miscellaneous_Manufactured_Items
皿,dish or plate,Artificial_Structures_and_Products,Miscellaneous_Manufactured_Items
扇,fan,Artificial_Structures_and_Products,Miscellaneous_Manufactured_Items
鈎,fish hook,Artificial_Structures_and_Products,Miscellaneous_Manufactured_Items
枢,hinge or pivot,Artificial_Structures_and_Products,Miscellaneous_Manufactured_Items
釜,kettle,Artificial_Structures_and_Products,Miscellaneous_Manufactured_Items
鍵,key,Artificial_Structures_and_Products,Miscellaneous_Manufactured_Items
窯,kiln or stove,Artificial_Structures_and_Products,Miscellaneous_Manufactured_Items
漆,lacquer,Artificial_Structures_and_Products,Miscellaneous_Manufactured_Items
灯,lamp,Artificial_Structures_and_Products,Miscellaneous_Manufactured_Items
蓋,lid,Artificial_Structures_and_Products,Miscellaneous_Manufactured_Items
錠,lock,Artificial_Structures_and_Products,Miscellaneous_Manufactured_Items
臼,millstone or mortar,Artificial_Structures_and_Products,Miscellaneous_Manufactured_Items
鏡,mirror,Artificial_Structures_and_Products,Miscellaneous_Manufactured_Items
針,needle,Artificial_Structures_and_Products,Miscellaneous_Manufactured_Items
網,net,Artificial_Structures_and_Products,Miscellaneous_Manufactured_Items
塗,paint,Artificial_Structures_and_Products,Miscellaneous_Manufactured_Items
紙,paper,Artificial_Structures_and_Products,Miscellaneous_Manufactured_Items
箋,paper,Artificial_Structures_and_Products,Miscellaneous_Manufactured_Items
枕,pillow,Artificial_Structures_and_Products,Miscellaneous_Manufactured_Items
管,pipe,Artificial_Structures_and_Products,Miscellaneous_Manufactured_Items
栓,plug or stopper,Artificial_Structures_and_Products,Miscellaneous_Manufactured_Items
錘,plumb or spindle,Artificial_Structures_and_Products,Miscellaneous_Manufactured_Items
磁,porcelain,Artificial_Structures_and_Products,Miscellaneous_Manufactured_Items
鍋,pot,Artificial_Structures_and_Products,Miscellaneous_Manufactured_Items
陶,pottery,Artificial_Structures_and_Products,Miscellaneous_Manufactured_Items
棒,rod,Artificial_Structures_and_Products,Miscellaneous_Manufactured_Items
縄,rope,Artificial_Structures_and_Products,Miscellaneous_Manufactured_Items
綱,rope,Artificial_Structures_and_Products,Miscellaneous_Manufactured_Items
帆,sail,Artificial_Structures_and_Products,Miscellaneous_Manufactured_Items
鎌,sickle,Artificial_Structures_and_Products,Miscellaneous_Manufactured_Items
串,skewer,Artificial_Structures_and_Products,Miscellaneous_Manufactured_Items
俵,straw bag or sack,Artificial_Structures_and_Products,Miscellaneous_Manufactured_Items
弦,string,Artificial_Structures_and_Products,Miscellaneous_Manufactured_Items
卓,table,Artificial_Structures_and_Products,Miscellaneous_Manufactured_Items
槽,tank,Artificial_Structures_and_Products,Miscellaneous_Manufactured_Items
畳,tatami mat,Artificial_Structures_and_Products,Miscellaneous_Manufactured_Items
瓦,tile,Artificial_Structures_and_Products,Miscellaneous_Manufactured_Items
缶,tin can,Artificial_Structures_and_Products,Miscellaneous_Manufactured_Items
具,tool,Artificial_Structures_and_Products,Miscellaneous_Manufactured_Items
膳,tray or small table,Artificial_Structures_and_Products,Miscellaneous_Manufactured_Items
傘,umbrella,Artificial_Structures_and_Products,Miscellaneous_Manufactured_Items
器,vessel,Artificial_Structures_and_Products,Miscellaneous_Manufactured_Items
芸,art,Human_activities,Culture
絵,picturepainting,Human_activities,Culture
画,picture,Human_activities,Culture
楽,music,Human_activities,Culture
曲,musical composition,Human_activities,Culture
歌,song,Human_activities,Culture
謡,songnohchant,Human_activities,Culture
唄,song,Human_activities,Culture
諧,harmony,Human_activities,Culture
琴,cithareharp,Human_activities,Culture
笛,flute,Human_activities,Culture
鼓,drum,Human_activities,Culture
拍,clapbeat(music),Human_activities,Culture
節,tunemelody,Human_activities,Culture
詩,poetry,Human_activities,Culture
詠,recite poetry,Human_activities,Culture
俳,haiku,Human_activities,Culture
劇,dramaplay,Human_activities,Culture
祭,festival,Human_activities,Culture
校,school,Human_activities,Culture
学,studyschool,Human_activities,Culture
生,student,Human_activities,Culture
塾,private school,Human_activities,Culture
科,faculty,Human_activities,Culture
教,teach,Human_activities,Culture
究,studyresearch,Human_activities,Culture
研,studyresearch,Human_activities,Culture
知,know,Human_activities,Culture
卒,graduate,Human_activities,Culture
儒,Confucianism,Human_activities,Culture
言,say,Human_activities,Language_and_Communication
話,speak,Human_activities,Language_and_Communication
声,voice,Human_activities,Language_and_Communication
告,tell,Human_activities,Language_and_Communication
談,discuss,Human_activities,Language_and_Communication
聞,ask,Human_activities,Language_and_Communication
問,question,Human_activities,Language_and_Communication
答,answer,Human_activities,Language_and_Communication
吟,recite,Human_activities,Language_and_Communication
読,read,Human_activities,Language_and_Communication
書,write,Human_activities,Language_and_Communication
本,book,Human_activities,Language_and_Communication
文,text,Human_activities,Language_and_Communication
図,mapdiagram,Human_activities,Language_and_Communication
筆,writingbrush,Human_activities,Language_and_Communication
字,character,Human_activities,Language_and_Communication
辞,word,Human_activities,Language_and_Communication
詞,words,Human_activities,Language_and_Communication
句,phrase,Human_activities,Language_and_Communication
記,written record,Human_activities,Language_and_Communication
刊,publish,Human_activities,Language_and_Communication
誌,documentjournal,Human_activities,Language_and_Communication
訃,obituary,Human_activities,Language_and_Communication
信,message,Human_activities,Language_and_Communication
報,inform,Human_activities,Language_and_Communication
説,explain,Human_activities,Language_and_Communication
題,topic,Human_activities,Language_and_Communication
表,express,Human_activities,Language_and_Communication
伝,transmit,Human_activities,Language_and_Communication
論,discourse,Human_activities,Language_and_Communication
講,lecture,Human_activities,Language_and_Communication
宣,proclaim,Human_activities,Language_and_Communication
金,gold,Human_activities,Money_and_Commerce
札,banknote,Human_activities,Money_and_Commerce
円,yen,Human_activities,Money_and_Commerce
幣,currency,Human_activities,Money_and_Commerce
財,wealth,Human_activities,Money_and_Commerce
富,rich,Human_activities,Money_and_Commerce
買,buy,Human_activities,Money_and_Commerce
購,purchase,Human_activities,Money_and_Commerce
売,sell,Human_activities,Money_and_Commerce
業,businessindustry,Human_activities,Money_and_Commerce
商,trade,Human_activities,Money_and_Commerce
貿,trade,Human_activities,Money_and_Commerce
販,marketing,Human_activities,Money_and_Commerce
卸,wholesale,Human_activities,Money_and_Commerce
払,pay,Human_activities,Money_and_Commerce
貝,cowry (ancient Chinese currency),Human_activities,Money_and_Commerce
貨,goods or property,Human_activities,Money_and_Commerce
宝,treasure or wealth,Human_activities,Money_and_Commerce
産,product,Human_activities,Money_and_Commerce
工,manufacture,Human_activities,Money_and_Commerce
価,price,Human_activities,Money_and_Commerce
値,price,Human_activities,Money_and_Commerce
高,expensive,Human_activities,Money_and_Commerce
安,cheap,Human_activities,Money_and_Commerce
廉,cheap,Human_activities,Money_and_Commerce
資,capital,Human_activities,Money_and_Commerce
賃,fee or wages,Human_activities,Money_and_Commerce
料,fee,Human_activities,Money_and_Commerce
費,expense,Human_activities,Money_and_Commerce
営,management,Human_activities,Money_and_Commerce
職,employment,Human_activities,Money_and_Commerce
働,work,Human_activities,Money_and_Commerce
稼,workearn,Human_activities,Money_and_Commerce
給,salary,Human_activities,Money_and_Commerce
俸,salary,Human_activities,Money_and_Commerce
償,recompense,Human_activities,Money_and_Commerce
債,bond or debt,Human_activities,Money_and_Commerce
貯,savings,Human_activities,Money_and_Commerce
税,tax,Human_activities,Money_and_Commerce
租,tax,Human_activities,Money_and_Commerce
賦,installment or levy,Human_activities,Money_and_Commerce
賄,bribe,Human_activities,Money_and_Commerce
賂,bribe,Human_activities,Money_and_Commerce
賭,gamble,Human_activities,Money_and_Commerce
俎,altar of sacrifice,Human_activities,Religion_and_the_Supernatural_World
仏,Buddha,Human_activities,Religion_and_the_Supernatural_World
尼,Buddhist nun,Human_activities,Religion_and_the_Supernatural_World
僧,Buddhist monk or priest,Human_activities,Religion_and_the_Supernatural_World
寺,Buddhist temple,Human_activities,Religion_and_the_Supernatural_World
幽,dark or hidden,Human_activities,Religion_and_the_Supernatural_World
魔,demon,Human_activities,Religion_and_the_Supernatural_World
教,doctrine or teaching,Human_activities,Religion_and_the_Supernatural_World
竜,dragon,Human_activities,Religion_and_the_Supernatural_World
鬼,evil spirit or oni,Human_activities,Religion_and_the_Supernatural_World
祓,exorcism or purity,Human_activities,Religion_and_the_Supernatural_World
妖,goblin or yōkai,Human_activities,Religion_and_the_Supernatural_World
神,god or [kami],Human_activities,Religion_and_the_Supernatural_World
仙,immortal or sage,Human_activities,Religion_and_the_Supernatural_World
幻,phantom,Human_activities,Religion_and_the_Supernatural_World
祈,pray,Human_activities,Religion_and_the_Supernatural_World
派,religious sect,Human_activities,Religion_and_the_Supernatural_World
聖,sacred,Human_activities,Religion_and_the_Supernatural_World
犠,sacrifice,Human_activities,Religion_and_the_Supernatural_World
巫,shaman,Human_activities,Religion_and_the_Supernatural_World
社,Shinto shrine,Human_activities,Religion_and_the_Supernatural_World
宮,shrine,Human_activities,Religion_and_the_Supernatural_World
罪,sin or taboo,Human_activities,Religion_and_the_Supernatural_World
魂,soul,Human_activities,Religion_and_the_Supernatural_World
霊,spirit,Human_activities,Religion_and_the_Supernatural_World
刹,temple,Human_activities,Religion_and_the_Supernatural_World
詣,temple visit,Human_activities,Religion_and_the_Supernatural_World
德,virtue,Human_activities,Religion_and_the_Supernatural_World
陽,Yang principle,Human_activities,Religion_and_the_Supernatural_World
陰,Yin principle,Human_activities,Religion_and_the_Supernatural_World
禅,Zen,Human_activities,Religion_and_the_Supernatural_World
武,military,Human_activities,War
戦,battle,Human_activities,War
闘,battle,Human_activities,War
敵,enemy,Human_activities,War
攻,attack,Human_activities,War
斬,slash,Human_activities,War
伐,attack or punish,Human_activities,War
殺,kill,Human_activities,War
撃,attack,Human_activities,War
討,attack,Human_activities,War
殴,beatassault,Human_activities,War
撃,beatattack,Human_activities,War
斬,cut with a sword,Human_activities,War
射,shoot at,Human_activities,War
襲,raid,Human_activities,War
征,conquer,Human_activities,War
陣,battleformationcamp,Human_activities,War
屯,barracks,Human_activities,War
