kanji,num,meaning,radicals,kanji_in_concept_meaning,h2_concept,h3_concept
亜,1,sub-,｜口,,,
哀,2,pathetic,亠口衣,sadness or pity,Emotions_and_Senses_(感),Emotions_(情)
挨,3,push open,厶矢扌,,,
愛,4,love,冖夂心爪,love,Emotions_and_Senses_(感),Emotions_(情)
曖,5,not clear,冖夂心日爪,,,
悪,6,bad,｜口心,bad,Emotions_and_Senses_(感),Judgment_(評)
握,7,grip,厶土尸至扌,,,
圧,8,pressure,厂土,,,
扱,9,handle,扌及,,,
宛,10,allocate,卩夕宀,,,
嵐,11,storm,山風,storm,Nature,Weather
安,12,cheap,女宀,cheap,Human_activities,Money_(銭)_and_Commerce_(商)
案,13,plan,女宀木,,,
暗,14,dark,日立音,dark,Nature,Weather
以,15,by means of,｜丶人,,,
衣,16,clothes,亠,garment,Artificial_Structures_and_Products,Clothing_(服)_and_Textiles_(布)
位,17,rank,立亻,,,
囲,18,surround,囗井,,,
医,19,medicine,匚矢,doctor or medicine,Body_(身),Health_(体)
依,20,reliant,亠衣亻,,,
委,21,committee,女禾,,,
威,22,intimidate,丿厂女戈,,,
為,23,do,丿灬,,,
畏,24,fear,田衣,apprehension,Emotions_and_Senses_(感),Emotions_(情)
胃,25,stomach,月田,stomach,Body_(身),Torso_and_organs
尉,26,military officer,寸尸示,,,
異,27,uncommon,八田井,,,
移,28,shift,夕禾,,,
萎,29,wither,女禾艹,,,
偉,30,admirable,口韋亻,,,
椅,31,chair,亅口大木,chair,Artificial_Structures_and_Products,Miscellaneous_Manufactured_Items
彙,32,same kind,冖彐木田彑,,,
意,33,idea,心日立音,,,
違,34,differ,口韋辶,,,
維,35,fiber,糸隹,fibre,Artificial_Structures_and_Products,Clothing_(服)_and_Textiles_(布)
慰,36,consolation,寸尸心示,,,
遺,37,bequeath,口貝辶,,,
緯,38,horizontal,口糸韋,,,
域,39,range,口土戈,,,
育,40,nurture,亠厶月,,,
一,41,one,,1,Numbers_(数),
壱,42,one (falsification prevention),冖匕士,,,
逸,43,deviate,丿儿勹辶免,,,
茨,44,thorn,冫欠艹,brier,Nature,Plants_(植)_and_Trees_(樹)
芋,45,potato,干艹,potato,Food_(食)_and_Drink_(飲),
引,46,pull,｜弓,,,
印,47,mark,｜卩,,,
因,48,cause,囗大,,,
咽,49,throat,口囗大,throat,Body_(身),Head_(頭)_and_Neck_(首)
姻,50,matrimony,囗大女,matrimony,People_(人),Family_(家_/_族)
員,51,member,口貝,,,
院,52,institution,二儿宀阝.元,,,
淫,53,lewdness,丿士爪玉氵,,,
陰,54,shade,二厶个阝.,Yin principle,Human_activities,Religion_(宗)_and_the_Supernatural_World
飲,55,drink,欠食,,,
隠,56,conceal,丿彐心尚阝.,,,
韻,57,rhyme,口日立貝音,,,
右,58,right (direction),丿口,right,Directions_(方)_and_Spatial_Relationships,
宇,59,eaves,亅宀干,universe,Nature,Sky
羽,60,feather,冫,feather,Nature,Animals_(獣)
雨,61,rain,,rain,Nature,Weather
唄,62,song,口貝,song,Human_activities,Culture
鬱,63,gloom,冖凵匕彡木缶,melancholy,Emotions_and_Senses_(感),Emotions_(情)
畝,64,furrow,亠田久,30 tsubo (99 m2),Numbers_(数),Units_of_Measurement_(測)
浦,65,bay,丶十用氵,beach,Nature,Land_(陸)_and_Topography
運,66,carry,冖車辶,,,
雲,67,cloud,二厶雨,cloud,Nature,Weather
永,68,eternity,丶水,eternity,Time_(時),
泳,69,swim,丶水氵,swim,Body_(身),Actions
英,70,England,丿大艹,,,
映,71,reflect,丿大日,,,
栄,72,prosperity,冖木尚,,,
営,73,manage,冖口尚,management,Human_activities,Money_(銭)_and_Commerce_(商)
詠,74,recitation,丶水言,recite poetry,Human_activities,Culture
影,75,shadow,亠口小彡日,shadow,Nature,Weather
鋭,76,pointed,儿口金个丷,sharp,Physical_Attributes_and_Properties,Miscellaneous_properties
衛,77,defense,口彳行韋,,,
易,78,easy,勹日勿,,,
疫,79,epidemic,殳疒,epidemic,Body_(身),Health_(体)
益,80,benefit,八皿丷,,,
液,81,fluid,亠夕攴亻氵,liquid,Physical_Attributes_and_Properties,Miscellaneous_properties
駅,82,station,尸馬,,,
悦,83,ecstasy,儿口丷忄,ecstasy,Emotions_and_Senses_(感),Emotions_(情)
越,84,cross over,土戈走,to pass or go beyond,Directions_(方)_and_Spatial_Relationships,Movement
謁,85,audience,勹匕日言,,,
閲,86,review,儿口門丷,,,
円,87,"round, yen",亠冂,yen,Human_activities,Money_(銭)_and_Commerce_(商)
延,88,prolong,廴止,,,
沿,89,run alongside,八口氵,,,
炎,90,inflammation,火,blaze or flame,Nature,Weather
怨,91,grudge,卩夕心,resentment,Emotions_and_Senses_(感),Emotions_(情)
宴,92,banquet,女宀日,,,
媛,93,princess,丿又女爪,princess,People_(人),Roles_and_status
援,94,aid,丿又爪扌,,,
園,95,garden,口囗土衣,,,
煙,96,smoke,土火襾,fumes or smoke,Nature,Weather
猿,97,monkey,口土衣犭,monkey,Nature,Animals_(獣)
遠,98,far,口土衣辶,distant,Directions_(方)_and_Spatial_Relationships,
鉛,99,lead,八口金丷,lead,Nature,Natural_Substances
塩,100,salt,口土皿,salt,Nature,Natural_Substances
演,101,perform,八宀田氵,,,
縁,102,affinity,彐糸豕,edge or border,Physical_Attributes_and_Properties,Form_and_Shape_(形)
艶,103,glossy,｜勹口日色豆丷,glossy,Physical_Attributes_and_Properties,Miscellaneous_properties
汚,104,dirty,氵,dirty,Physical_Attributes_and_Properties,Miscellaneous_properties
王,105,king,,king,People_(人),Roles_and_status
凹,106,concave,凵,concave,Physical_Attributes_and_Properties,Form_and_Shape_(形)
央,107,center,丿冖大,Centre,Directions_(方)_and_Spatial_Relationships,
応,108,respond,广心,,,
往,109,outward journey,丶彳玉,to go to,Directions_(方)_and_Spatial_Relationships,Movement
押,110,push,｜日田扌,,,
旺,111,flourishing,日玉,,,
欧,112,Europe,丶丿匚欠,,,
殴,113,assault,丶丿匚殳,"beat, assault",Human_activities,War_(戦)
桜,114,cherry tree,女木尚,sakura,Nature,Plants_(植)_and_Trees_(樹)
翁,115,venerable old man,八冫厶羽,old man,People_(人),General
奥,116,heart,冂大米,interior,Directions_(方)_and_Spatial_Relationships,
横,117,side,｜二八廾日木田黄,,,
岡,118,hill,冂山丷,hill,Nature,Land_(陸)_and_Topography
屋,119,roof,厶土尸至,,,
億,120,hundred million,心日立音亻,"100,000,000",Numbers_(数),
憶,121,recollection,心日立音忄,,,
臆,122,timidity,心日月立音,,,
虞,123,uneasiness,八匕卜厂口虍,fear,Emotions_and_Senses_(感),Emotions_(情)
乙,124,the latter,,second,Numbers_(数),Counting_(計)_&_Sequence_(序)
俺,125,"I, we",乙大亻奄,I or me,People_(人),General
卸,126,wholesale,丿卩止,wholesale,Human_activities,Money_(銭)_and_Commerce_(商)
音,127,sound,日立,sound,Emotions_and_Senses_(感),Senses
恩,128,grace,囗大心,,,
温,129,warm,日皿氵,warm,Physical_Attributes_and_Properties,Miscellaneous_properties
穏,130,calm,彐心爪禾,,,
下,131,below,｜卜,down,Directions_(方)_and_Spatial_Relationships,
化,132,change,匕亻,,,
火,133,fire,,fire,Nature,Weather
加,134,add,力口,to add,Numbers_(数),Calculations_(算)
可,135,possible,亅口,,,
仮,136,temporary,厂又亻,,,
何,137,what,亅口亻,,,
花,138,flower,匕亻艹,flower,Nature,Plants_(植)_and_Trees_(樹)
佳,139,excellent,土亻,,,
価,140,value,襾亻,price,Human_activities,Money_(銭)_and_Commerce_(商)
果,141,fruit,｜木田,fruit,Food_(食)_and_Drink_(飲),
河,142,river,亅口氵,stream,Nature,Land_(陸)_and_Topography
苛,143,torment,亅口艹,,,
科,144,section,斗禾,faculty,Human_activities,Culture
架,145,rack,力口木,,,
夏,146,summer,夂自,Summer,Time_(時),Seasons_(季_/_候)
家,147,house,宀豕,,,
荷,148,luggage,亅口亻艹,,,
華,149,splendor,｜艹,,,
菓,150,confectionery,木田艹,confectionery,Food_(食)_and_Drink_(飲),
貨,151,freight,匕貝亻,goods or property,Human_activities,Money_(銭)_and_Commerce_(商)
渦,152,whirlpool,｜冂口氵,whirlpool,Nature,Weather
過,153,go beyond,冂口辶,,,
嫁,154,marry into,女宀豕,"wife, bride",People_(人),Family_(家_/_族)
暇,155,spare time,又日,,,
禍,156,calamity,冂口礻,,,
靴,157,shoes,匕革亻,shoes,Artificial_Structures_and_Products,Clothing_(服)_and_Textiles_(布)
寡,158,widow,八刀宀自,widow,People_(人),Family_(家_/_族)
歌,159,song,亅口欠,song,Human_activities,Culture
箇,160,counters for things,十口囗竹,counter for articles,Numbers_(数),Counters_(個)
稼,161,earnings,宀禾豕,"work, earn",Human_activities,Money_(銭)_and_Commerce_(商)
課,162,section,木田言,,,
蚊,163,mosquito,文虫,mosquito,Nature,Animals_(獣)
牙,164,tusk,,"fang, tusk",Nature,Animals_(獣)
瓦,165,tile,,tile,Artificial_Structures_and_Products,Miscellaneous_Manufactured_Items
我,166,ego,亅戈手,"self, ego",People_(人),General
画,167,tableau,凵田,picture,Human_activities,Culture
芽,168,bud,牙艹,bud,Nature,Plants_(植)_and_Trees_(樹)
賀,169,congratulations,力口貝,,,
雅,170,gracious,牙隹,,,
餓,171,starve,亅戈手食,,,
介,172,jammed in,八个,,,
回,173,times,口囗,number of times,Time_(時),
灰,174,ashes,厂火,ash,Nature,Natural_Substances
会,175,association,二厶个,,,
快,176,cheerful,二人大忄,DEFAULT,Emotions_and_Senses_(感),Emotions_(情)
戒,177,commandment,廾戈,,,
改,178,reformation,己攴,,,
怪,179,suspicious,又土忄,,,
拐,180,kidnap,刀口扌,,,
悔,181,repent,毋忄,remorse,Emotions_and_Senses_(感),Emotions_(情)
海,182,sea,毋氵,sea,Nature,Land_(陸)_and_Topography
界,183,world,儿田个,,,
皆,184,all,比白,,,
械,185,contraption,廾戈木,contraption,Artificial_Structures_and_Products,Vehicles_(車)_and_Machines_(機)
絵,186,picture,二厶糸个,"picture, painting",Human_activities,Culture
開,187,open,廾門,,,
階,188,floor of a building,比白阝.,,,
塊,189,clod,儿匕厶土田鬼,,,
楷,190,square character style,木比白,,,
解,191,untie,刀牛角,,,
潰,192,crush,十口貝氵,,,
壊,193,demolition,十土网衣,,,
懐,194,pocket,十网衣忄,yearning,Emotions_and_Senses_(感),Emotions_(情)
諧,195,harmony,比白言,harmony,Human_activities,Culture
貝,196,shellfish,八目,cowry (ancient Chinese currency),Human_activities,Money_(銭)_and_Commerce_(商)
外,197,outside,卜夕,outside,Directions_(方)_and_Spatial_Relationships,
劾,198,censure,亠人力,,,
害,199,harm,亠口土宀,,,
崖,200,cliff,厂土山,cliff,Nature,Land_(陸)_and_Topography
涯,201,horizon,厂土氵,,,
街,202,street,土彳行,city district,Artificial_Structures_and_Products,Cities_(市)
慨,203,rue,牙艮忄,,,
蓋,204,cover,厶土皿艹,lid,Artificial_Structures_and_Products,Miscellaneous_Manufactured_Items
該,205,above-stated,亠人言,,,
概,206,outline,木牙艮,,,
骸,207,dead remains,亠人冂冖月骨,corpse,Body_(身),Health_(体)
垣,208,hedge,土日,,,
柿,209,persimmon,｜亠冂巾木,persimmon,Nature,Plants_(植)_and_Trees_(樹)
各,210,each,口夂攴,each,Numbers_(数),Counting_(計)_&_Sequence_(序)
角,211,angle,｜勹月,horn,Nature,Animals_(獣)
拡,212,broaden,厶广扌,,,
革,213,leather,十口廾,leather,Artificial_Structures_and_Products,Clothing_(服)_and_Textiles_(布)
格,214,status,口夂木,,,
核,215,nucleus,亠人木,,,
殻,216,husk,冖几士殳,,,
郭,217,enclosure,亅亠口子.阝,,,
覚,218,memorize,冖見尚,,,
較,219,contrast,亠父車,,,
隔,220,isolate,儿冂口鬲阝.,,,
閣,221,tall,口夂門,,,
確,222,certain,口宀石隹,,,
獲,223,seize,又隹犭艹,,,
嚇,224,menacing,口土赤,,,
穫,225,harvest,又禾隹艹,,,
学,226,study,冖子尚,"study, school",Human_activities,Culture
岳,227,point,山斤,mountain or peak,Nature,Land_(陸)_and_Topography
楽,228,pleasure,冫木白,music,Human_activities,Culture
額,229,amount,口夂宀貝頁,forehead,Body_(身),Head_(頭)_and_Neck_(首)
顎,230,jaw,二勹口貝頁,jaw,Body_(身),Head_(頭)_and_Neck_(首)
掛,231,hang,卜土扌,,,
潟,232,lagoon,勹臼氵灬,lagoon,Nature,Land_(陸)_and_Topography
括,233,fasten,丿十口舌扌,,,
活,234,active,丿十口舌氵,,,
喝,235,hoarse,勹匕口日,,,
渇,236,thirst,勹匕日氵,,,
割,237,divide,亠口土宀刂,,,
葛,238,arrowroot,勹匕日艹,vine,Nature,Plants_(植)_and_Trees_(樹)
滑,239,slippery,冂冖月骨氵,,,
褐,240,brown,勹匕日衤,brown,Physical_Attributes_and_Properties,Colours_(色)
轄,241,control,亠口土宀車,,,
且,242,moreover,目,,,
株,243,stocks,木牛,,,
釜,244,kettle,丶丿干父玉金丷,kettle,Artificial_Structures_and_Products,Miscellaneous_Manufactured_Items
鎌,245,sickle,丶丿八彐玉金丷,sickle,Artificial_Structures_and_Products,Miscellaneous_Manufactured_Items
刈,246,reap,刂,,,
干,247,dry,十,dry,Physical_Attributes_and_Properties,Miscellaneous_properties
刊,248,publish,干刂,publish,Human_activities,Language_(語)_and_Communication
甘,249,sweet,,sweet,Emotions_and_Senses_(感),Senses
汗,250,sweat,干氵,sweat,Body_(身),Bodily_Functions
缶,251,tin can,凵山,tin can,Artificial_Structures_and_Products,Miscellaneous_Manufactured_Items
完,252,perfect,二儿宀元,,,
肝,253,liver,干月,liver,Body_(身),Torso_and_organs
官,254,government official,口宀,,,
冠,255,crown,儿冖寸,,,
巻,256,scroll,二大己丷,,,
看,257,watch over,丿二手目,,,
陥,258,collapse,｜勹日阝.,,,
乾,259,dry,乙十日,dry,Physical_Attributes_and_Properties,Miscellaneous_properties
勘,260,intuition,儿力匚甘,,,
患,261,afflicted,｜口心,sick,Body_(身),Health_(体)
貫,262,pierce,毋貝,,,
寒,263,cold,丶八宀井,cold,Physical_Attributes_and_Properties,Miscellaneous_properties
喚,264,yell,儿冂勹口大,,,
堪,265,withstand,儿匚土甘,,,
換,266,interchange,儿冂勹大扌,,,
敢,267,daring,攴耳,,,
棺,268,coffin,口宀木,coffin,Artificial_Structures_and_Products,Miscellaneous_Manufactured_Items
款,269,goodwill,士欠示,,,
間,270,interval,日門,interval of time,Time_(時),
閑,271,leisure,木門,,,
勧,272,persuade,丿力矢隹,,,
寛,273,tolerant,宀見艹,,,
幹,274,tree-trunk,十干日个,tree trunk,Nature,Plants_(植)_and_Trees_(樹)
感,275,feeling,丿口心戈,,,
漢,276,China,口大氵艹,honorable man or Han person,People_(人),Roles_and_status
慣,277,accustomed,毋貝忄,,,
管,278,pipe,口宀竹,pipe,Artificial_Structures_and_Products,Miscellaneous_Manufactured_Items
関,279,related,二人八大門丷,,,
歓,280,delight,欠矢隹,"delight, joy",Emotions_and_Senses_(感),Emotions_(情)
監,281,oversee,二皿臣,,,
緩,282,slacken,夂爪糸,,,
憾,283,remorse,丿口心戈忄,regret,Emotions_and_Senses_(感),Emotions_(情)
還,284,send back,口网衣辶,,,
館,285,public building,口宀食,,,
環,286,ring,口玉网衣,"ring, surround",Physical_Attributes_and_Properties,Form_and_Shape_(形)
簡,287,simplicity,日竹門,,,
観,288,observe,矢見隹,,,
韓,289,Korea,十口日韋,,,
艦,290,warship,二皿臣舟,,,
鑑,291,specimen,二皿臣金,,,
丸,292,circle,丶九,circular,Physical_Attributes_and_Properties,Form_and_Shape_(形)
含,293,include,口个,,,
岸,294,beach,厂山干,shore,Nature,Land_(陸)_and_Topography
岩,295,boulder,口山石,boulder or rock,Nature,Land_(陸)_and_Topography
玩,296,trifle with,二儿玉元,,,
眼,297,eyeball,目艮,eyeball,Body_(身),Head_(頭)_and_Neck_(首)
頑,298,stubborn,二儿貝頁元,,,
顔,299,face,亠八厂彡立貝頁,face,Body_(身),Head_(頭)_and_Neck_(首)
願,300,request,厂小白貝頁,,,
企,301,plan,止个,,,
伎,302,deed,十又支亻,,,
危,303,dangerous,勹厂,,,
机,304,desk,几木,desk,Artificial_Structures_and_Products,Miscellaneous_Manufactured_Items
気,305,feeling,丶丿气,mood,Emotions_and_Senses_(感),Emotions_(情)
岐,306,branch off,十又山支,,,
希,307,hope,丿巾,,,
忌,308,mourning,己心,,,
汽,309,steam,气氵,steam or vapour,Nature,Natural_Substances
奇,310,strange,亅口大,,,
祈,311,pray,斤礻,pray,Human_activities,Religion_(宗)_and_the_Supernatural_World
季,312,seasons,子禾,,,
紀,313,chronicle,己糸,era,Time_(時),
軌,314,rut,車九,,,
既,315,previously,牙艮,,,
記,316,write down,己言,written record,Human_activities,Language_(語)_and_Communication
起,317,wake up,土己走,,,
飢,318,hungry,几食,,,
鬼,319,ghost,儿匕厶田,evil spirit or oni,Human_activities,Religion_(宗)_and_the_Supernatural_World
帰,320,return,冖巾彐刂,to return,Directions_(方)_and_Spatial_Relationships,Movement
基,321,foundation,八土甘,,,
寄,322,approach,亅口大宀,,,
規,323,rule,土大見,,,
亀,324,turtle,乙勹田龜,turtle,Nature,Animals_(獣)
喜,325,rejoice,口士豆丷,"delight, joy",Emotions_and_Senses_(感),Emotions_(情)
幾,326,how many,丿幺戈,,,
揮,327,brandish,冖車扌,,,
期,328,period of time,八月甘,time period,Time_(時),
棋,329,chess piece,八木甘,,,
貴,330,precious,｜口貝,,,
棄,331,abandon,亠凵厶木,,,
毀,332,destroy,土殳臼,,,
旗,333,national flag,八方甘,,,
器,334,container,口大,vessel,Artificial_Structures_and_Products,Miscellaneous_Manufactured_Items
畿,335,capital,幺戈田,capital,Artificial_Structures_and_Products,Cities_(市)
輝,336,radiance,儿冖車尚,,,
機,337,machine,丶丿幺戈木,,,
騎,338,equestrian,亅口大馬,,,
技,339,skill,十又支扌,,,
宜,340,best regards,宀目,,,
偽,341,falsehood,丶亻灬,,,
欺,342,deceit,八欠甘,,,
義,343,righteousness,亅戈手玉羊丷,,,
疑,344,doubt,匕疋矢マ,doubt or suspicion,Emotions_and_Senses_(感),Emotions_(情)
儀,345,ceremony,亅戈手玉羊亻丷,,,
戯,346,frolic,匕卜厂戈虍,,,
擬,347,mimic,匕疋矢マ扌,,,
犠,348,sacrifice,亅戈手牛玉羊丷,sacrifice,Human_activities,Religion_(宗)_and_the_Supernatural_World
議,349,deliberation,亅戈手玉羊言丷,,,
菊,350,chrysanthemum,勹米艹,chrysanthemum,Nature,Plants_(植)_and_Trees_(樹)
吉,351,good luck,口士,,,
喫,352,consume,亠刀口土大,,,
詰,353,packed,口士言,,,
却,354,instead,卩厶土,,,
客,355,guest,口夂宀,"guest, customer",People_(人),Roles_and_status
脚,356,leg,卩厶土月,leg,Body_(身),Limbs_(肢)
逆,357,inverted,屮丷辶,,,
虐,358,tyrannize,匕匚卜厂虍,,,
九,359,nine,,9,Numbers_(数),
久,360,long time,丿入,long ago,Time_(時),
及,361,reach out,丶乃,,,
弓,362,"bow (archery, violin)",,,,
丘,363,hill,斤,hill,Nature,Land_(陸)_and_Topography
旧,364,old times,｜日,former,Time_(時),
休,365,rest,木亻,rest,Body_(身),Health_(体)
吸,366,suck,丿口及,,,
朽,367,decay,勹木,,,
臼,368,mortar,,millstone or mortar,Artificial_Structures_and_Products,Miscellaneous_Manufactured_Items
求,369,request,丶水,,,
究,370,research,儿宀穴九,"study, research",Human_activities,Culture
泣,371,cry,立氵,,,
急,372,hurry,勹彐心,,,
級,373,rank,丿糸及,,,
糾,374,twist,｜十糸,,,
宮,375,Shinto shrine,口宀,shrine,Human_activities,Religion_(宗)_and_the_Supernatural_World
救,376,salvation,丶攴水,,,
球,377,sphere,丶水玉,sphere,Physical_Attributes_and_Properties,Form_and_Shape_(形)
給,378,salary,口糸个,salary,Human_activities,Money_(銭)_and_Commerce_(商)
嗅,379,smell,口大自,,,
窮,380,hard up,儿宀弓穴身,,,
牛,381,cow,,DEFAULT,Nature,Animals_(獣)
去,382,leave,厶土,,,
巨,383,gigantic,匚,huge,Physical_Attributes_and_Properties,Form_and_Shape_(形)
居,384,reside,十口尸,,,
拒,385,repel,匚扌巨,,,
拠,386,foothold,几夂扌,,,
挙,387,raise,八手尚,,,
虚,388,void,匕卜厂虍,,,
許,389,permit,丿十干言,,,
距,390,long-distance,匚口足巨,,,
魚,391,fish,田灬,,,
御,392,honorable,丿卩彳止,,,
漁,393,fishing,田魚氵灬,,,
凶,394,villain,丶丿凵,,,
共,395,together,八,,,
叫,396,shout,｜十口,,,
狂,397,lunatic,玉犭,,,
京,398,capital,亠口小,capital city,Artificial_Structures_and_Products,Cities_(市)
享,399,receive,亠口子,,,
供,400,offer,｜二八亻,,,
協,401,cooperation,力十,,,
況,402,condition,儿口氵,,,
峡,403,gorge,二亠人大山丷,gorge,Nature,Land_(陸)_and_Topography
挟,404,pinch,丶二亠人大丷扌,,,
狭,405,cramped,丶二亠人大丷犭,narrow,Physical_Attributes_and_Properties,Form_and_Shape_(形)
恐,406,fear,丶几工心,fear,Emotions_and_Senses_(感),Emotions_(情)
恭,407,respect,八心井,respect,Emotions_and_Senses_(感),Emotions_(情)
胸,408,bosom,丶丿凵勹月,chest,Body_(身),Torso_and_organs
脅,409,threaten,力月,,,
強,410,strong,厶弓虫,strong,Physical_Attributes_and_Properties,Miscellaneous_properties
教,411,teach,子攴老,doctrine or teaching,Human_activities,Religion_(宗)_and_the_Supernatural_World
郷,412,home town,幺艮.阝,,,
境,413,boundary,儿土日立音,boundary,Physical_Attributes_and_Properties,Form_and_Shape_(形)
橋,414,bridge,丿冂口木,,,
矯,415,rectify,丿冂口大矢,,,
鏡,416,mirror,儿日立金音,mirror,Artificial_Structures_and_Products,Miscellaneous_Manufactured_Items
競,417,compete,儿口立,,,
響,418,echo,幺日立艮音.阝,,,
驚,419,wonder,勹口夂攴馬艹,surprise,Emotions_and_Senses_(感),Emotions_(情)
仰,420,face-up,卩亻,,,
暁,421,daybreak,儿十廾日,sunrise,Time_(時),Divisions_of_the_Day
業,422,business,｜木玉羊耒丷,"business, industry",Human_activities,Money_(銭)_and_Commerce_(商)
凝,423,congeal,冫匕疋矢マ,,,
曲,424,musical composition,｜日,musical composition,Human_activities,Culture
局,425,office,口尸,,,
極,426,poles,又口木,,,
玉,427,ball,丶,jewel,Nature,Natural_Substances
巾,428,towel,｜冂,towel,Artificial_Structures_and_Products,Clothing_(服)_and_Textiles_(布)
斤,429,axe,,axe,Artificial_Structures_and_Products,Miscellaneous_Manufactured_Items
均,430,level,二冫勹土,,,
近,431,near,斤辶,recent,Time_(時),
金,432,gold,,gold,Human_activities,Money_(銭)_and_Commerce_(商)
菌,433,germ,囗禾艹,,,
勤,434,diligence,力口土艹,,,
琴,435,harp,玉个,"cithare, harp",Human_activities,Culture
筋,436,muscle,力月竹,muscles,Body_(身),General_2
僅,437,a wee bit,口土亻艹,,,
禁,438,prohibition,木示,,,
緊,439,tense,又糸臣,,,
錦,440,brocade,巾白金,brocade,Artificial_Structures_and_Products,Clothing_(服)_and_Textiles_(布)
謹,441,discreet,口土言艹,,,
襟,442,collar,木示衤,collar,Artificial_Structures_and_Products,Clothing_(服)_and_Textiles_(布)
吟,443,versify,口个,recite,Human_activities,Language_(語)_and_Communication
銀,444,silver,艮金,silver,Nature,Natural_Substances
区,445,ward,丶丿匚,ward,Artificial_Structures_and_Products,Cities_(市)
句,446,phrase,勹口,phrase,Human_activities,Language_(語)_and_Communication
苦,447,suffer,十口艹,,,
駆,448,drive,丶丿匚馬,,,
具,449,tool,八目,tool,Artificial_Structures_and_Products,Miscellaneous_Manufactured_Items
惧,450,dread,八目忄,dread,Emotions_and_Senses_(感),Emotions_(情)
愚,451,foolish,冂厶心田禸,,,
空,452,sky,儿宀工穴,"void, sky",Nature,Sky
偶,453,accidentally,冂厶田禸亻,,,
遇,454,interview,冂厶田禸辶,,,
隅,455,corner,冂厶日田禸阝.,corner,Physical_Attributes_and_Properties,Form_and_Shape_(形)
串,456,skewer,｜口,skewer,Artificial_Structures_and_Products,Miscellaneous_Manufactured_Items
屈,457,yield,｜尸山,,,
掘,458,dig,｜尸山扌,,,
窟,459,cavern,｜儿宀尸山穴,cave,Nature,Land_(陸)_and_Topography
熊,460,bear,匕厶月灬,bear,Nature,Animals_(獣)
繰,461,winding,口木糸品,,,
君,462,you,丿口日,you,People_(人),General
訓,463,instruction,巛言,,,
勲,464,meritorious deed,｜丿力日田灬,,,
薫,465,fragrant,｜丿日艹灬,,,
軍,466,army,冖車,,,
郡,467,county,口.阝,,,
群,468,flock,口玉羊丷,"flock, crowd",People_(人),Groups_(団)
兄,469,older brother,儿口,older brother,People_(人),Family_(家_/_族)
刑,470,punish,丿廾刂,,,
形,471,shape,丿廾彡,,,
系,472,lineage,丿糸,,,
径,473,diameter,又土彳,,,
茎,474,stalk,又土艹,stem,Nature,Plants_(植)_and_Trees_(樹)
係,475,person in charge,丿糸亻,person in charge,People_(人),Roles_and_status
型,476,model,丿土廾刂,,,
契,477,pledge,亠刀土大,,,
計,478,measure,十言,,,
恵,479,favor,心田,,,
啓,480,disclose,口戸攴,,,
掲,481,put up (a notice),勹匕日扌,,,
渓,482,mountain stream,人土爪氵,ravine,Nature,Land_(陸)_and_Topography
経,483,manage,又土糸,,,
蛍,484,lightning-bug,冖虫尚,firefly,Nature,Animals_(獣)
敬,485,respect,勹口攴艹,respect,Emotions_and_Senses_(感),Emotions_(情)
景,486,scenery,亠口小日,,,
軽,487,light,又土車,light (weight),Physical_Attributes_and_Properties,Miscellaneous_properties
傾,488,lean,匕貝頁亻,,,
携,489,portable,丿隹乃扌,,,
継,490,inherit,｜米糸,,,
詣,491,visit a temple,匕日言,temple visit,Human_activities,Religion_(宗)_and_the_Supernatural_World
慶,492,jubilation,冖夂广心,jubilation,Emotions_and_Senses_(感),Emotions_(情)
憬,493,long for,亠口小日忄,yearning,Emotions_and_Senses_(感),Emotions_(情)
稽,494,consider,匕日禾尤,,,
憩,495,recess,口心自舌,,,
警,496,guard against,勹口夂攴言艹,,,
鶏,497,chicken,人土大爪鳥,chicken,Nature,Animals_(獣)
芸,498,art,二厶艹,art,Human_activities,Culture
迎,499,welcome,卩辶,,,
鯨,500,whale,亠口小田魚灬,whale,Nature,Animals_(獣)
隙,501,fissure,小日阝.,,,
劇,502,drama,匕卜厂虍豕刂,"drama, play",Human_activities,Culture
撃,503,beat,手殳車,"beat, attack",Human_activities,War_(戦)
激,504,violent,攴方白氵,violent excitement,Emotions_and_Senses_(感),Emotions_(情)
桁,505,beam,彳木行,digit,Numbers_(数),Counting_(計)_&_Sequence_(序)
欠,506,lack,人勹,,,
穴,507,hole,八宀,,,
血,508,blood,皿,blood,Body_(身),General_2
決,509,decide,二人大氵,,,
結,510,tie,口士糸,,,
傑,511,greatness,夕木舛亻,great man,People_(人),Roles_and_status
潔,512,undefiled,亠刀土糸氵,,,
月,513,"month, moon",,moon,Nature,Sky
犬,514,dog,丶大,dog,Nature,Animals_(獣)
件,515,affair,牛亻,,,
見,516,see,儿目,,,
券,517,ticket,二人刀大大丷,,,
肩,518,shoulder,戸月,shoulder,Body_(身),Limbs_(肢)
建,519,build,廴聿,,,
研,520,sharpen,｜丿亅口廾石,"study, research",Human_activities,Culture
県,521,prefecture,小目,,,
倹,522,frugal,人口个亻,,,
兼,523,concurrently,｜八彐丷,,,
剣,524,sabre,人口个刂,,,
拳,525,fist,大手丷,fist,Body_(身),Limbs_(肢)
軒,526,flats,干車,counter for houses,Numbers_(数),Counters_(個)
健,527,healthy,廴聿亻,,,
険,528,precipitous,人口个阝.,,,
圏,529,sphere,二人囗大大己丷,sphere,Physical_Attributes_and_Properties,Form_and_Shape_(形)
堅,530,strict,又土臣,,,
検,531,examine,人口木个,,,
嫌,532,dislike,｜八女彐丷,dislike,Emotions_and_Senses_(感),Emotions_(情)
献,533,offering,冂十干犬丷,,,
絹,534,silk,口月糸,silk,Artificial_Structures_and_Products,Clothing_(服)_and_Textiles_(布)
遣,535,dispatch,｜口辶,,,
権,536,rights,木矢隹,,,
憲,537,constitution,亠土宀心网,,,
賢,538,intelligent,又臣貝,,,
謙,539,self-effacing,｜八彐言丷,,,
鍵,540,key,廴聿金,key,Artificial_Structures_and_Products,Miscellaneous_Manufactured_Items
繭,541,cocoon,冂糸虫風艹,,,
顕,542,appear,日貝頁,,,
験,543,test,人口馬个,,,
懸,544,suspend,丿小心目糸,,,
元,545,origin,二儿,,,
幻,546,phantasm,幺,phantom,Human_activities,Religion_(宗)_and_the_Supernatural_World
玄,547,mysterious,亠幺,,,
言,548,say,,say,Human_activities,Language_(語)_and_Communication
弦,549,bowstring,亠幺弓玄,string,Artificial_Structures_and_Products,Miscellaneous_Manufactured_Items
限,550,limit,艮阝.,,,
原,551,field,厂小白,field,Nature,Land_(陸)_and_Topography
現,552,appear,玉見,,,
舷,553,gunwale,亠幺玄舟,sides of a boat,Artificial_Structures_and_Products,Vehicles_(車)_and_Machines_(機)
減,554,decrease,亅口戈氵,"to decrease, to subtract",Numbers_(数),Calculations_(算)
源,555,origin,厂小白氵,,,
厳,556,strict,厂攴耳尚,,,
己,557,self,,oneself,People_(人),General
戸,558,door,,counter for houses,Numbers_(数),Counters_(個)
古,559,old,十口,old,Time_(時),
呼,560,call,丿亅口丷,,,
固,561,hard,十口囗,firm or solid,Physical_Attributes_and_Properties,Miscellaneous_properties
股,562,crotch,月殳,thighs,Body_(身),Limbs_(肢)
虎,563,tiger,儿匕卜厂虍,tiger,Nature,Animals_(獣)
孤,564,orphan,子瓜,,,
弧,565,arc,弓瓜,arc,Physical_Attributes_and_Properties,Form_and_Shape_(形)
故,566,circumstances,十口攴,,,
枯,567,wither,十口木,,,
個,568,individual,十口囗亻,,,
庫,569,warehouse,广車,,,
湖,570,lake,十口月氵,lake,Nature,Land_(陸)_and_Topography
雇,571,employ,戸隹,,,
誇,572,boast,二勹大言,,,
鼓,573,drum,十又口士支豆丷,drum,Human_activities,Culture
錮,574,tie up,十口囗金,,,
顧,575,look back,戸貝隹頁,,,
五,576,five,二,5,Numbers_(数),
互,577,mutually,彐彑,,,
午,578,noon,丿十干,noon,Time_(時),Divisions_of_the_Day
呉,579,give,八口,,,
後,580,behind,夂幺彳,after,Time_(時),
娯,581,recreation,八口女,fun,Emotions_and_Senses_(感),Emotions_(情)
悟,582,enlightenment,口忄,,,
碁,583,Go,｜二八口石,,,
語,584,language,口言,,,
誤,585,mistake,八口言,,,
護,586,safeguard,又言隹艹,,,
口,587,mouth,囗,mouth,Body_(身),Head_(頭)_and_Neck_(首)
工,588,craft,,manufacture,Human_activities,Money_(銭)_and_Commerce_(商)
公,589,public,八厶,,,
勾,590,capture,勹厶,,,
孔,591,cavity,乙子,,,
功,592,achievement,力工,,,
巧,593,adroit,勹工,,,
広,594,wide,厶广,wide,Physical_Attributes_and_Properties,Form_and_Shape_(形)
甲,595,armor,｜日田,,,
交,596,mix,亠父,,,
光,597,ray,儿尚,light,Nature,Weather
向,598,over there,冂口,toward,Directions_(方)_and_Spatial_Relationships,
后,599,empress,丿亅厂口斤,empress,People_(人),Roles_and_status
好,600,like,女子,like,Emotions_and_Senses_(感),Emotions_(情)
江,601,inlet,工氵,creek,Nature,Land_(陸)_and_Topography
考,602,think,老,to think,Emotions_and_Senses_(感),Judgment_(評)
行,603,go,彳,to go or to perform,Directions_(方)_and_Spatial_Relationships,Movement
坑,604,pit,亠几土,,,
孝,605,filial piety,子老,,,
抗,606,confront,亠几扌,,,
攻,607,aggression,工攴,attack,Human_activities,War_(戦)
更,608,grow late,丿日,,,
効,609,effect,亠力父,,,
幸,610,happiness,亠十立辛,happy,Emotions_and_Senses_(感),Emotions_(情)
拘,611,arrest,勹口扌,,,
肯,612,agreement,月止,,,
侯,613,marquis,矢亻,"lord, marquis",People_(人),Roles_and_status
厚,614,thick,厂子日,thick,Physical_Attributes_and_Properties,Miscellaneous_properties
恒,615,constancy,日忄,,,
洪,616,deluge,｜二八氵,flood,Nature,Weather
皇,617,emperor,玉白,emperor or sovereign,People_(人),Roles_and_status
紅,618,deep red,工糸,crimson,Physical_Attributes_and_Properties,Colours_(色)
荒,619,laid waste,巛艹亡,,,
郊,620,outskirts,亠父.阝,,,
香,621,incense,日禾,pleasant smell,Emotions_and_Senses_(感),Senses
候,622,climate,｜矢亻,climate,Nature,Weather
校,623,school,亠木父,school,Human_activities,Culture
耕,624,till,｜亅八土木耒井,,,
航,625,cruise,亠几舟,,,
貢,626,tribute,工貝,,,
降,627,descend,十夂阝.,,,
高,628,"tall, expensive",亠冂口,expensive,Human_activities,Money_(銭)_and_Commerce_(商)
康,629,health,广彐水隶,,,
控,630,withdraw,儿宀工穴扌,,,
梗,631,close up,丿日木,,,
黄,632,yellow,八田,yellow,Physical_Attributes_and_Properties,Colours_(色)
喉,633,throat,口矢亻,throat,Body_(身),Head_(頭)_and_Neck_(首)
慌,634,disconcerted,亠巛忄艹,disconcerting,Emotions_and_Senses_(感),Emotions_(情)
港,635,harbor,八己氵井,,,
硬,636,stiff,丿口日石,hard,Physical_Attributes_and_Properties,Miscellaneous_properties
絞,637,strangle,亠父糸,,,
項,638,paragraph,工貝頁,,,
溝,639,gutter,冂十氵,,,
鉱,640,mineral,厶广金,ore,Nature,Natural_Substances
構,641,construct,冂十木,,,
綱,642,hawser,冂山糸丷岡,rope,Artificial_Structures_and_Products,Miscellaneous_Manufactured_Items
酵,643,fermentation,子老酉,,,
稿,644,draft,亠冂口禾高,,,
興,645,entertain,八冂口臼,,,
衡,646,equilibrium,勹大彳田行,,,
鋼,647,steel,冂山金丷岡,steel,Nature,Natural_Substances
講,648,lecture,冂十言,lecture,Human_activities,Language_(語)_and_Communication
購,649,subscription,｜冂十貝,purchase,Human_activities,Money_(銭)_and_Commerce_(商)
乞,650,beg,丿乙,,,
号,651,number,勹口,,,
合,652,fit,口个,,,
拷,653,torture,老扌,,,
剛,654,sturdy,冂山丷刂岡,,,
傲,655,be proud,土攴方亻,pride,Emotions_and_Senses_(感),Emotions_(情)
豪,656,overpowering,亠冖口豕,,,
克,657,overcome,儿十口,,,
告,658,tell,丿口土,tell,Human_activities,Language_(語)_and_Communication
谷,659,valley,八口个,valley,Nature,Land_(陸)_and_Topography
刻,660,engrave,亠刂,,,
国,661,country,丶囗玉,country,People_(人),Groups_(団)
黒,662,black,里灬,black,Physical_Attributes_and_Properties,Colours_(色)
穀,663,cereals,冖士殳禾,cereal,Food_(食)_and_Drink_(飲),
酷,664,cruel,丿口土酉,,,
獄,665,prison,犬言犭,,,
骨,666,bone,冂冖月,bone,Body_(身),General_2
駒,667,horse,勹口馬,,,
込,668,crowded,入辶,,,
頃,669,times,匕貝頁,"time, about",Time_(時),
今,670,now,个,now,Time_(時),
困,671,become distressed,囗木,,,
昆,672,descendants,日比,descendants,People_(人),Family_(家_/_族)
恨,673,rancor,艮忄,resentment,Emotions_and_Senses_(感),Emotions_(情)
根,674,root,木艮,root,Nature,Plants_(植)_and_Trees_(樹)
婚,675,marriage,女日氏,marry,People_(人),Family_(家_/_族)
混,676,mix,日比氵,,,
痕,677,mark,疒艮,scar,Body_(身),Health_(体)
紺,678,dark blue,甘糸,dark blue,Physical_Attributes_and_Properties,Colours_(色)
魂,679,soul,二儿匕厶田鬼,soul,Human_activities,Religion_(宗)_and_the_Supernatural_World
墾,680,ground-breaking,土爪艮豸犭,,,
懇,681,sociable,心爪艮豸犭,,,
左,682,left (direction),丿工,left,Directions_(方)_and_Spatial_Relationships,
佐,683,help,丿工亻,,,
沙,684,sand,丿小氵,sand,Nature,Natural_Substances
査,685,investigate,木目,,,
砂,686,sand,丿口小石,sand,Nature,Natural_Substances
唆,687,tempt,儿厶口夂,,,
差,688,distinction,丿工玉羊丷,,,
詐,689,lie,｜丿言,,,
鎖,690,chain,貝金尚,chain,Artificial_Structures_and_Products,Miscellaneous_Manufactured_Items
座,691,sit,｜入土广,sit,Body_(身),Actions
挫,692,sprain,｜入土扌,,,
才,693,genius,丿亅,,,
再,694,again,｜冂玉,,,
災,695,disaster,巛火,natural disaster,Nature,Weather
妻,696,wife,｜女彐,wife,People_(人),Roles_and_status
采,697,form,木爪,,,
砕,698,smash,丿十口石九,,,
宰,699,superintend,十宀立辛,,,
栽,700,plantation,土戈木,the cultivation of plants,Nature,Plants_(植)_and_Trees_(樹)
彩,701,coloring,彡木爪,brightly coloured,Physical_Attributes_and_Properties,Colours_(色)
採,702,pick,木爪扌,,,
済,703,settle,｜丿廾文齊氵,,,
祭,704,festival,癶示个,festival,Human_activities,Culture
斎,705,purification,｜丿廾文示齊,,,
細,706,thin,田糸,slender,Physical_Attributes_and_Properties,Miscellaneous_properties
菜,707,vegetable,木爪艹,vegetable,Food_(食)_and_Drink_(飲),
最,708,most,又日耳,,,
裁,709,judge,亠厶土戈衣,,,
債,710,bond,亠土貝亻,bond or debt,Human_activities,Money_(銭)_and_Commerce_(商)
催,711,sponsor,山隹亻,,,
塞,712,obstruct,八土宀,,,
歳,713,year-end,丿小戈止,,,
載,714,ride,土戈車,,,
際,715,occasion,丿癶示阝.,"moment, occasion",Time_(時),
埼,716,cape (geography),｜口土大,cape or promontory,Nature,Land_(陸)_and_Topography
在,717,exist,｜丿土,,,
材,718,lumber,丿亅木,timber or material,Nature,Natural_Substances
剤,719,dose,｜丿廾文齊刂,medicine,Body_(身),Health_(体)
財,720,wealth,丿亅貝,wealth,Human_activities,Money_(銭)_and_Commerce_(商)
罪,721,guilt,网非,sin or taboo,Human_activities,Religion_(宗)_and_the_Supernatural_World
崎,722,promontory,｜口大山,cape or promontory,Nature,Land_(陸)_and_Topography
作,723,make,｜丿亻,,,
削,724,plane,月刂尚,,,
昨,725,previous,｜丿日,previous time,Time_(時),
柵,726,fence,｜亅冂木冊,,,
索,727,cord,冖十糸,cord,Artificial_Structures_and_Products,Miscellaneous_Manufactured_Items
策,728,scheme,｜亅八冂巾木竹,,,
酢,729,vinegar,｜丿酉,vinegar,Food_(食)_and_Drink_(飲),
搾,730,squeeze,｜丿儿宀穴扌,,,
錯,731,confused,｜日金,,,
咲,732,blossom,二人口大丷,,,
冊,733,counter for books,｜亅冂廾,counter for books,Numbers_(数),Counters_(個)
札,734,tag,乙木,banknote,Human_activities,Money_(銭)_and_Commerce_(商)
刷,735,printing,尸巾刂,,,
刹,736,temple,木刂,temple,Human_activities,Religion_(宗)_and_the_Supernatural_World
拶,737,be imminent,夕巛扌,,,
殺,738,kill,丶丿木殳,kill,Human_activities,War_(戦)
察,739,guess,丿宀癶示,,,
撮,740,snapshot,又日耳扌,,,
擦,741,grate,丿宀癶示扌,,,
雑,742,miscellaneous,木隹九,,,
皿,743,dish,,dish or plate,Artificial_Structures_and_Products,Miscellaneous_Manufactured_Items
三,744,three,二,3,Numbers_(数),
山,745,mountain,,mountain or peak,Nature,Land_(陸)_and_Topography
参,746,participate,厶彡,,,
桟,747,scaffold,丶丿木毛,,,
蚕,748,silkworm,大虫,silkworm,Nature,Animals_(獣)
惨,749,wretched,厶彡忄,,,
産,750,give birth,丿亠厂生立丷,product,Human_activities,Money_(銭)_and_Commerce_(商)
傘,751,umbrella,人十个,umbrella,Artificial_Structures_and_Products,Miscellaneous_Manufactured_Items
散,752,scatter,｜攴月,,,
算,753,calculate,廾目竹,,,
酸,754,acid,儿厶夂酉,sour,Emotions_and_Senses_(感),Senses
賛,755,approve,二亠人大貝,,,
残,756,remainder,丶丿歹毛,,,
斬,757,kill by slicing,斤車,cut with a sword,Human_activities,War_(戦)
暫,758,temporarily,斤日車,a while,Time_(時),
士,759,gentleman,,man or gentleman,People_(人),Roles_and_status
子,760,child,,child,People_(人),General
支,761,branch,十又,,,
止,762,stop,,stop,Body_(身),Actions
氏,763,family name,,courtesy title,People_(人),Roles_and_status
仕,764,do,士亻,,,
史,765,history,丿口,,,
司,766,director,亅口,,,
四,767,four,儿囗,4,Numbers_(数),
市,768,market,亠巾,,,
矢,769,arrow,丿大,,,
旨,770,delicious,匕日,,,
死,771,death,匕夕歹,death,Body_(身),Health_(体)
糸,772,thread,小幺,thread,Artificial_Structures_and_Products,Clothing_(服)_and_Textiles_(布)
至,773,climax,厶土,,,
伺,774,pay respects,亅口亻,,,
志,775,intention,士心,,,
私,776,me,厶禾,I or me,People_(人),General
使,777,use,丿口亻,messenger,People_(人),Roles_and_status
刺,778,thorn,｜亅八冂巾木刂,,,
始,779,begin,厶口女,begin,Time_(時),
姉,780,older sister,亠女巾,older sister,People_(人),Family_(家_/_族)
枝,781,branch,十又支木,branch,Nature,Plants_(植)_and_Trees_(樹)
祉,782,welfare,止礻,,,
肢,783,limb,十又支月,,,
姿,784,figure,冫女欠,figure,Physical_Attributes_and_Properties,Form_and_Shape_(形)
思,785,think,心田,to think,Emotions_and_Senses_(感),Judgment_(評)
指,786,finger,匕日扌,finger,Body_(身),Limbs_(肢)
施,787,carry out,丿方也,,,
師,788,expert,｜口巾,expert,People_(人),Roles_and_status
恣,789,selfish,冫心欠,,,
紙,790,paper,氏糸,paper,Artificial_Structures_and_Products,Miscellaneous_Manufactured_Items
脂,791,fat,匕日月,fat or resin,Nature,Natural_Substances
視,792,look at,見礻,,,
紫,793,purple,匕止糸,violet,Physical_Attributes_and_Properties,Colours_(色)
詞,794,poetry,亅口言,words,Human_activities,Language_(語)_and_Communication
歯,795,tooth,凵止米齒,tooth,Body_(身),Head_(頭)_and_Neck_(首)
嗣,796,heir,｜亅冂口,,,
試,797,test,工弋言,,,
詩,798,poem,土寸言,poetry,Human_activities,Culture
資,799,resources,冫欠貝,capital,Human_activities,Money_(銭)_and_Commerce_(商)
飼,800,domesticate,亅口艮食个,,,
誌,801,document,士心言,"document, journal",Human_activities,Language_(語)_and_Communication
雌,802,feminine,匕止隹,,,
摯,803,seriousness,丶丿十手立辛九,,,
賜,804,grant,日貝勿,,,
諮,805,consult with,冫口欠言,,,
示,806,indicate,,,,
字,807,letter,子宀,character,Human_activities,Language_(語)_and_Communication
寺,808,Buddhist temple,土寸,Buddhist temple,Human_activities,Religion_(宗)_and_the_Supernatural_World
次,809,next,冫欠,next,Numbers_(数),Counting_(計)_&_Sequence_(序)
耳,810,ear,,ear,Body_(身),Head_(頭)_and_Neck_(首)
自,811,oneself,,oneself,People_(人),General
似,812,becoming,丶人亻,,,
児,813,child,｜儿日,child,People_(人),General
事,814,abstract thing,亅口彐,,,
侍,815,waiter,土寸亻,,,
治,816,govern,厶口氵,cure,Body_(身),Health_(体)
持,817,hold,土寸扌,,,
時,818,time,土寸日,hour,Time_(時),Divisions_of_the_Day
滋,819,nourishing,幺丷氵,,,
慈,820,mercy,幺心丷,affection or benevolence,Emotions_and_Senses_(感),Emotions_(情)
辞,821,resign,十口立舌辛,word,Human_activities,Language_(語)_and_Communication
磁,822,magnet,口幺石丷,porcelain,Artificial_Structures_and_Products,Miscellaneous_Manufactured_Items
餌,823,bait,耳艮食,,,
璽,824,emperor's seal,｜八冂爻玉,,,
鹿,825,deer,广比,deer,Nature,Animals_(獣)
式,826,style,工弋,,,
識,827,discriminating,戈日立言音,,,
軸,828,axis,｜日田車,axle,Artificial_Structures_and_Products,Vehicles_(車)_and_Machines_(機)
七,829,seven,丿乙匕,7,Numbers_(数),
𠮟,830,scold,,,,
失,831,lose,丿二人大,,,
室,832,room,厶土宀至,,,
疾,833,rapidly,疒矢,disease,Body_(身),Health_(体)
執,834,tenacious,丶丿亠十土立辛九,,,
湿,835,damp,｜日氵,damp,Physical_Attributes_and_Properties,Miscellaneous_properties
嫉,836,envy,女疒矢,"envy, jealousy",Emotions_and_Senses_(感),Emotions_(情)
漆,837,lacquer,木水个氵,lacquer,Artificial_Structures_and_Products,Miscellaneous_Manufactured_Items
質,838,quality,斤貝,,,
実,839,truth,士大宀,fruit,Food_(食)_and_Drink_(飲),
芝,840,turf,亠艹,,,
写,841,copy,冖勹,,,
社,842,company,土礻,Shinto shrine,Human_activities,Religion_(宗)_and_the_Supernatural_World
車,843,car,,,,
舎,844,cottage,口土个,,,
者,845,someone,日老,person (usually with qualifier),People_(人),General
射,846,shoot,寸身,shoot at,Human_activities,War_(戦)
捨,847,throw away,口土个扌,,,
赦,848,pardon,土攴赤,,,
斜,849,diagonal,斗禾个,diagonal,Physical_Attributes_and_Properties,Form_and_Shape_(形)
煮,850,boil,日老灬,,,
遮,851,intercept,广辶灬,,,
謝,852,apologize,寸言身,,,
邪,853,wicked,牙.阝,,,
蛇,854,snake,匕宀虫,snake,Nature,Animals_(獣)
尺,855,shaku,丶尸,Japanese foot (around 30 cm),Numbers_(数),Units_of_Measurement_(測)
借,856,borrow,日亻,,,
酌,857,bartending,丶勹酉,to serve alcohol,Food_(食)_and_Drink_(飲),Cooking_(炊)
釈,858,explanation,丶尸米釆,,,
爵,859,baron,寸爪网艮,noble rank,People_(人),Roles_and_status
若,860,young,丿口艹,young,Time_(時),
弱,861,weak,冫弓,weak,Physical_Attributes_and_Properties,Miscellaneous_properties
寂,862,loneliness,卜又宀小,loneliness,Emotions_and_Senses_(感),Emotions_(情)
手,863,hand,,hand,Body_(身),Limbs_(肢)
主,864,master,丶玉,master or husband,People_(人),Roles_and_status
守,865,protect,宀寸,,,
朱,866,vermilion,｜丿二八木牛,vermilion,Physical_Attributes_and_Properties,Colours_(色)
取,867,take,又耳,,,
狩,868,hunt,宀寸犭,,,
首,869,neck,目自丷,,,
殊,870,particularly,｜丿二八木歹牛,,,
珠,871,pearl,｜丿二八木牛玉,pearl or jewel,Nature,Natural_Substances
酒,872,alcoholic drink,酉氵,alcoholic drink,Food_(食)_and_Drink_(飲),
腫,873,tumor,｜日月里,,,
種,874,kind,｜日禾里,,,
趣,875,gist,又土耳走,,,
寿,876,longevity,丿二寸,,,
受,877,accept,冖又爪,,,
呪,878,curse,儿口,,,
授,879,instruct,冖又爪扌,,,
需,880,demand,而雨,,,
儒,881,Confucian,而雨亻,Confucianism,Human_activities,Culture
樹,882,trees,口土寸木豆丷,,,
収,883,take in,｜又,,,
囚,884,captured,人囗,,,
州,885,state,｜丶巛,,,
舟,886,boat,,boat,Artificial_Structures_and_Products,Vehicles_(車)_and_Machines_(機)
秀,887,excel,禾乃,,,
周,888,circumference,冂口土,perimeter,Physical_Attributes_and_Properties,Form_and_Shape_(形)
宗,889,religion,宀示,,,
拾,890,pick up,口个扌,,,
秋,891,autumn,火禾,Autumn,Time_(時),Seasons_(季_/_候)
臭,892,stinking,大自,bad smell,Emotions_and_Senses_(感),Senses
修,893,discipline,｜彡攴亻,,,
袖,894,sleeve,｜田衤,sleeve,Artificial_Structures_and_Products,Clothing_(服)_and_Textiles_(布)
終,895,end,夂糸,end,Time_(時),
羞,896,feel ashamed,丿彐玉羊丷,shame,Emotions_and_Senses_(感),Emotions_(情)
習,897,learn,冫白羽,,,
週,898,week,冂口土辶,week,Time_(時),Divisions_of_the_Year
就,899,concerning,丶亠口小尢尤,,,
衆,900,masses,皿血,,,
集,901,collect,木隹,,,
愁,902,distress,心火禾,melancholy,Emotions_and_Senses_(感),Emotions_(情)
酬,903,repay,｜丶巛酉,,,
醜,904,ugly,儿匕田酉鬼,,,
蹴,905,kick,丶丿乙亠口小尢足尤,,,
襲,906,attack,月立衣,raid,Human_activities,War_(戦)
十,907,ten,,10,Numbers_(数),
汁,908,soup,十氵,"juice, soup",Food_(食)_and_Drink_(飲),
充,909,allot,亠儿厶,,,
住,910,dwelling,丶玉亻,,,
柔,911,tender,木矛マ,,,
重,912,heavy,｜丿日里,heavy,Physical_Attributes_and_Properties,Miscellaneous_properties
従,913,obey,彳疋丷,,,
渋,914,astringent,冫止氵,,,
銃,915,gun,亠儿厶金,,,
獣,916,animal,口犬田尚,,,
縦,917,vertical,彳疋糸丷,,,
叔,918,uncle,卜又小,"aunt, uncle",People_(人),Family_(家_/_族)
祝,919,celebrate,儿口礻,,,
宿,920,inn,宀白亻,,,
淑,921,graceful,卜又小氵,,,
粛,922,solemn,｜丿彐水米隶,,,
縮,923,shrink,宀白糸亻,"to reduce, shrink",Numbers_(数),Calculations_(算)
塾,924,cram school,丶亠口土子九,private school,Human_activities,Culture
熟,925,ripen,丶亠口子九灬,,,
出,926,exit,｜山,out,Directions_(方)_and_Spatial_Relationships,
述,927,mention,丶十木辶,,,
術,928,art,丶十彳木行,,,
俊,929,genius,儿厶夂亻,,,
春,930,springtime,丿二日,Spring,Time_(時),Seasons_(季_/_候)
瞬,931,wink,冖夕爪牛目舛,,,
旬,932,10-day period (of the month),勹日,period of 10 days,Time_(時),Divisions_of_the_Year
巡,933,patrol,巛辶,,,
盾,934,shield,十厂斤目,,,
准,935,quasi-,冫隹,,,
殉,936,martyrdom,勹日歹,,,
純,937,genuine,糸屯,,,
循,938,sequential,十厂彳斤目,,,
順,939,obey,巛貝頁,sequence,Numbers_(数),Counting_(計)_&_Sequence_(序)
準,940,standard,十隹氵,,,
潤,941,wet,玉門氵,moist,Physical_Attributes_and_Properties,Miscellaneous_properties
遵,942,abide by,寸酉丷辶,,,
処,943,dispose,几夂攴,,,
初,944,first,刀衤,first,Numbers_(数),Counting_(計)_&_Sequence_(序)
所,945,place,戸斤,,,
書,946,write,日聿,write,Human_activities,Language_(語)_and_Communication
庶,947,commoner,广灬,,,
暑,948,hot,日老,hot,Physical_Attributes_and_Properties,Miscellaneous_properties
署,949,government office,日网老,,,
緒,950,thong,日糸老,,,
諸,951,various,日老言,,,
女,952,woman,,woman,People_(人),General
如,953,likeness,口女,,,
助,954,help,力目,,,
序,955,preface,亅子广,,,
叙,956,confer,又禾个,,,
徐,957,gradually,彳禾个,,,
除,958,exclude,禾个阝.,to divide,Numbers_(数),Calculations_(算)
小,959,small,,small,Physical_Attributes_and_Properties,Form_and_Shape_(形)
升,960,measuring box,丿十廾,(around 1.8 l),Numbers_(数),Units_of_Measurement_(測)
少,961,few,丿小,few,Numbers_(数),Counting_(計)_&_Sequence_(序)
召,962,summon,刀口,,,
匠,963,artisan,匚斤,,,
床,964,bed,广木,bed,Artificial_Structures_and_Products,Miscellaneous_Manufactured_Items
抄,965,extract,丿小扌,,,
肖,966,resemblance,月尚,,,
尚,967,esteem,冂口,,,
招,968,beckon,刀口扌,,,
承,969,acquiesce,丿亅二手マ,,,
昇,970,rise up,丿十廾日,,,
松,971,pine,八厶木,pine,Nature,Plants_(植)_and_Trees_(樹)
沼,972,marsh,刀口氵,marsh,Nature,Land_(陸)_and_Topography
昭,973,shining,刀口日,,,
宵,974,wee hours,宀月尚,early evening,Time_(時),Divisions_of_the_Day
将,975,leader,寸爪爿,,,
消,976,extinguish,月尚氵,,,
症,977,symptoms,止疒,disease,Body_(身),Health_(体)
祥,978,auspicious,玉羊丷礻,,,
称,979,appellation,丿小禾,,,
笑,980,laugh,大禾竹,laughter,Emotions_and_Senses_(感),Emotions_(情)
唱,981,chant,口日,,,
商,982,sell,亠儿冂口立丷,trade,Human_activities,Money_(銭)_and_Commerce_(商)
渉,983,ford,丿小止氵,,,
章,984,chapter,十日立音,,,
紹,985,introduce,刀口糸,,,
訟,986,sue,八厶言,,,
勝,987,win,二人力大月丷,,,
掌,988,manipulate,冖口手尚,palm,Body_(身),Limbs_(肢)
晶,989,sparkle,日,crystal,Nature,Natural_Substances
焼,990,bake,儿十火,to bake,Food_(食)_and_Drink_(飲),Cooking_(炊)
焦,991,char,隹灬,,,
硝,992,nitrate,口月石尚,,,
粧,993,cosmetics,土广米,,,
詔,994,imperial edict,刀口言,,,
証,995,evidence,止言,,,
象,996,elephant,勹口豕,elephant,Nature,Animals_(獣)
傷,997,wound,丿日亻勿,wound,Body_(身),Health_(体)
奨,998,exhort,大寸爪爿,,,
照,999,illuminate,刀口日灬,,,
詳,1000,detailed,玉羊言丷,,,
彰,1001,patent,十彡日立音,,,
障,1002,hurt,十日立音阝.,,,
憧,1003,desire,立里忄,"longing, yearning",Emotions_and_Senses_(感),Emotions_(情)
衝,1004,collide,｜彳日行里,,,
賞,1005,prize,冖口貝尚,,,
償,1006,reparation,冖口貝亻尚,recompense,Human_activities,Money_(銭)_and_Commerce_(商)
礁,1007,reef,口石隹灬,reef,Nature,Land_(陸)_and_Topography
鐘,1008,bell,立里金,bell,Artificial_Structures_and_Products,Miscellaneous_Manufactured_Items
上,1009,up,卜,up,Directions_(方)_and_Spatial_Relationships,
丈,1010,length,丶丿,,,
冗,1011,superfluous,冖几,,,
条,1012,clause,夂攴木,,,
状,1013,form,爿犬,,,
乗,1014,ride,｜丿八禾,to ride,Artificial_Structures_and_Products,Vehicles_(車)_and_Machines_(機)
城,1015,castle,丿土戈,,,
浄,1016,clean,亅勹彐氵,clean,Physical_Attributes_and_Properties,Miscellaneous_properties
剰,1017,surplus,｜丿刂,,,
常,1018,normal,冖口巾尚,,,
情,1019,feelings,二亠土月青忄,,,
場,1020,place,土日勿,,,
畳,1021,tatami mat,冖田,tatami mat,Artificial_Structures_and_Products,Miscellaneous_Manufactured_Items
蒸,1022,steam,丿亅マ艹灬,to steam,Food_(食)_and_Drink_(飲),Cooking_(炊)
縄,1023,straw rope,乙田糸龜,rope,Artificial_Structures_and_Products,Miscellaneous_Manufactured_Items
壌,1024,lot,亠八土衣,fertile soil,Nature,Land_(陸)_and_Topography
嬢,1025,lass,亠八女衣,young lady,People_(人),General
錠,1026,lock,宀疋金,lock,Artificial_Structures_and_Products,Miscellaneous_Manufactured_Items
譲,1027,defer,亠八衣言,,,
醸,1028,brew,亠八衣酉,to brew,Food_(食)_and_Drink_(飲),Cooking_(炊)
色,1029,color,勹巴,,,
拭,1030,wipe,工弋扌,,,
食,1031,"eat, meal",,eclipse,Nature,Sky
植,1032,plant,十木目,,,
殖,1033,augment,十歹目,to increase,Numbers_(数),Calculations_(算)
飾,1034,decorate,丿巾食,,,
触,1035,contact,虫角,,,
嘱,1036,entrust,口尸禸,,,
織,1037,weave,戈日立糸音,to weave,Artificial_Structures_and_Products,Clothing_(服)_and_Textiles_(布)
職,1038,employment,戈日立耳音,employment,Human_activities,Money_(銭)_and_Commerce_(商)
辱,1039,embarrass,厂寸衣辰,,,
尻,1040,buttocks,尸九,buttocks,Body_(身),Limbs_(肢)
心,1041,heart,,heart,Body_(身),Torso_and_organs
申,1042,say,｜日田,,,
伸,1043,lengthen,｜日田亻,,,
臣,1044,retainer,匚,,,
芯,1045,core,心艹,,,
身,1046,body,,,,
辛,1047,spicy,十立,pungent,Emotions_and_Senses_(感),Senses
侵,1048,encroach,冖又彐亻,,,
信,1049,trust,言亻,message,Human_activities,Language_(語)_and_Communication
津,1050,haven,聿氵,,,
神,1051,god,｜日田礻,god or [kami],Human_activities,Religion_(宗)_and_the_Supernatural_World
唇,1052,lips,厂口衣辰,lips,Body_(身),Head_(頭)_and_Neck_(首)
娠,1053,with child,厂女衣辰,pregnant,Body_(身),Bodily_Functions
振,1054,shake,厂衣辰扌,,,
浸,1055,immersed,冖又彐氵,,,
真,1056,true,八十目,,,
針,1057,needle,十金,needle,Artificial_Structures_and_Products,Miscellaneous_Manufactured_Items
深,1058,deep,儿冖木氵,deep,Physical_Attributes_and_Properties,Miscellaneous_properties
紳,1059,sire,｜日田糸,gentleman,People_(人),Roles_and_status
進,1060,advance,隹辶,,,
森,1061,forest,木,forest,Nature,Plants_(植)_and_Trees_(樹)
診,1062,checkup,彡言个,,,
寝,1063,lie down,冖又宀彐爿,sleep,Body_(身),Bodily_Functions
慎,1064,humility,八十目忄,,,
新,1065,new,亠十斤木立辛丷,new,Time_(時),
審,1066,examine,宀田米釆,,,
震,1067,quake,厂衣辰雨,earthquake,Nature,Weather
薪,1068,fuel,亠十斤木立辛丷艹,,,
親,1069,parent,亠十木立見辛丷,parent,People_(人),Family_(家_/_族)
人,1070,person,,counter for people,Numbers_(数),Counters_(個)
刃,1071,blade,丶刀,,,
仁,1072,humanity,二亻,,,
尽,1073,exhaust,丶尸,,,
迅,1074,swift,十辶,,,
甚,1075,tremendously,儿甘,,,
陣,1076,camp,車阝.,"battle formation, camp",Human_activities,War_(戦)
尋,1077,inquire,口寸工彐,,,
腎,1078,kidney,又月臣,kidney,Body_(身),Torso_and_organs
須,1079,by all means,彡貝頁,,,
図,1080,diagram,囗斗,"map, diagram",Human_activities,Language_(語)_and_Communication
水,1081,water,,water,Nature,Natural_Substances
吹,1082,blow,口欠,,,
垂,1083,droop,｜丿,,,
炊,1084,cook,欠火,,,
帥,1085,commander,｜口巾,,,
粋,1086,chic,十米九,,,
衰,1087,decline,亠衣,,,
推,1088,infer,隹扌,,,
酔,1089,drunk,十酉九,,,
遂,1090,consummate,豕丷辶,,,
睡,1091,drowsy,｜丿目,sleep,Body_(身),Bodily_Functions
穂,1092,ear,十心田禾,ear of grain,Food_(食)_and_Drink_(飲),
随,1093,follow,丿月辶阝.,,,
髄,1094,marrow,丿冖月骨辶,marrow,Body_(身),General_2
枢,1095,hinge,匚木,hinge or pivot,Artificial_Structures_and_Products,Miscellaneous_Manufactured_Items
崇,1096,adore,宀山示,adoration or reverence,Emotions_and_Senses_(感),Emotions_(情)
数,1097,number,夂女攴米,,,
据,1098,set,十口尸扌,,,
杉,1099,cedar,彡木,cedar,Nature,Plants_(植)_and_Trees_(樹)
裾,1100,cuff,十口尸衤,cuff or hem,Artificial_Structures_and_Products,Clothing_(服)_and_Textiles_(布)
寸,1101,measurement,,1/10 Japanese foot (around 3 cm),Numbers_(数),Units_of_Measurement_(測)
瀬,1102,rapids,｜貝頁氵,rapids or shallows,Nature,Land_(陸)_and_Topography
是,1103,just so,日疋,,,
井,1104,well,｜丿二,,,
世,1105,world,｜,,,
正,1106,correct,止,correct,Emotions_and_Senses_(感),Judgment_(評)
生,1107,life,,student,Human_activities,Culture
成,1108,become,丿戈,,,
西,1109,west,,West,Directions_(方)_and_Spatial_Relationships,
声,1110,voice,士尸,voice,Human_activities,Language_(語)_and_Communication
制,1111,control,丿二巾牛刂,,,
姓,1112,surname,女生,,,
征,1113,subjugate,彳止,conquer,Human_activities,War_(戦)
性,1114,gender,生忄,,,
青,1115,blue,二亠土月,blue,Physical_Attributes_and_Properties,Colours_(色)
斉,1116,adjusted,｜丿廾文,,,
政,1117,politics,攴止,,,
星,1118,star,日生,star,Nature,Sky
牲,1119,animal sacrifice,牛生,,,
省,1120,government ministry,丿小目,,,
凄,1121,uncanny,冫十女彐,,,
逝,1122,departed,斤扌辶,,,
清,1123,pure,二亠土月青氵,,,
盛,1124,prosper,丿戈皿,,,
婿,1125,bridegroom,女月疋,"son-in-law, bridegroom",People_(人),Family_(家_/_族)
晴,1126,clear up,二亠土日月青,clear or fine weather,Nature,Weather
勢,1127,power,丶儿力土九,,,
聖,1128,holy,口玉耳,sacred,Human_activities,Religion_(宗)_and_the_Supernatural_World
誠,1129,sincerity,丿戈言,,,
精,1130,refined,二亠土月米青,sperm,Body_(身),Bodily_Functions
製,1131,manufacture,巾牛衣刂,,,
誓,1132,vow,斤言扌,,,
静,1133,quiet,亅亠勹土彐月青,quiet,Emotions_and_Senses_(感),Senses
請,1134,solicit,二亠土月言青,,,
整,1135,put in order,｜口攴木止,,,
醒,1136,be disillusioned,日生酉,,,
税,1137,tax,儿口禾丷,tax,Human_activities,Money_(銭)_and_Commerce_(商)
夕,1138,evening,,evening,Time_(時),Divisions_of_the_Day
斥,1139,reject,丶斤,,,
石,1140,stone,口,stone,Nature,Natural_Substances
赤,1141,red,土,red,Physical_Attributes_and_Properties,Colours_(色)
昔,1142,long ago,｜二日,antiquity,Time_(時),
析,1143,chop,斤木,,,
席,1144,seat,巾广,,,
脊,1145,stature,二月癶个,backbone,Body_(身),Torso_and_organs
隻,1146,vessels,又隹,counter for ships,Numbers_(数),Counters_(個)
惜,1147,pity,｜二日忄,regret,Emotions_and_Senses_(感),Emotions_(情)
戚,1148,grieve,丿卜小戈,grief,Emotions_and_Senses_(感),Emotions_(情)
責,1149,blame,亠土貝,,,
跡,1150,tracks,亠口止赤足,,,
積,1151,accumulate,亠土禾貝,,,
績,1152,exploits,亠土糸貝,,,
籍,1153,enroll,｜亠八土日木竹耒,,,
切,1154,cut,刀匕,,,
折,1155,fold,斤扌,,,
拙,1156,bungling,｜山扌,,,
窃,1157,stealth,儿刀匕宀穴,,,
接,1158,contact,女立扌,,,
設,1159,establish,殳言,,,
雪,1160,snow,彐雨,snow,Nature,Weather
摂,1161,vicarious,冫耳扌,,,
節,1162,node,卩竹艮,"tune, melody",Human_activities,Culture
説,1163,theory,儿口言丷,explain,Human_activities,Language_(語)_and_Communication
舌,1164,tongue,口,tongue,Body_(身),Head_(頭)_and_Neck_(首)
絶,1165,discontinue,糸色,,,
千,1166,thousand,丿十,"1,000",Numbers_(数),
川,1167,river,,river,Nature,Land_(陸)_and_Topography
仙,1168,hermit,山亻,immortal or sage,Human_activities,Religion_(宗)_and_the_Supernatural_World
占,1169,fortune telling,卜口,,,
先,1170,previous,丿儿土,"ahead, previous",Time_(時),
宣,1171,proclaim,宀日,proclaim,Human_activities,Language_(語)_and_Communication
専,1172,specialty,十寸田,,,
泉,1173,spring,水白,water spring,Nature,Land_(陸)_and_Topography
浅,1174,shallow,丶丿毛氵,shallow,Physical_Attributes_and_Properties,Miscellaneous_properties
洗,1175,wash,丿儿土氵,,,
染,1176,dye,木九氵,,,
扇,1177,fan,冫戸羽,fan,Artificial_Structures_and_Products,Miscellaneous_Manufactured_Items
栓,1178,plug,木玉个,plug or stopper,Artificial_Structures_and_Products,Miscellaneous_Manufactured_Items
旋,1179,rotation,方疋,,,
船,1180,boat,八口舟,ship,Artificial_Structures_and_Products,Vehicles_(車)_and_Machines_(機)
戦,1181,war,十戈田尚,battle,Human_activities,War_(戦)
煎,1182,broil,月丷刂灬,"to boil, roast",Food_(食)_and_Drink_(飲),Cooking_(炊)
羨,1183,envy,欠玉羊丷氵,"envy, jealousy",Emotions_and_Senses_(感),Emotions_(情)
腺,1184,gland,月水白,gland,Body_(身),General_2
詮,1185,discussion,玉言个,,,
践,1186,tread,丶丿口毛足,,,
箋,1187,paper,戈竹,paper,Artificial_Structures_and_Products,Miscellaneous_Manufactured_Items
銭,1188,coin,丶丿毛金,,,
潜,1189,submerge,人土日氵,,,
線,1190,line,水白糸,line,Physical_Attributes_and_Properties,Form_and_Shape_(形)
遷,1191,transition,大己襾辶,,,
選,1192,choose,｜二八己辶,,,
薦,1193,recommend,广艹灬,,,
繊,1194,slender,土戈糸赤,,,
鮮,1195,fresh,玉田羊魚丷灬,,,
全,1196,whole,八玉,,,
前,1197,in front,月丷刂,before,Time_(時),
善,1198,good,口玉羊丷,good,Emotions_and_Senses_(感),Judgment_(評)
然,1199,so,夕犬灬,,,
禅,1200,Zen,十田尚礻,Zen,Human_activities,Religion_(宗)_and_the_Supernatural_World
漸,1201,steadily,斤車氵,,,
膳,1202,tray,口月玉羊丷,tray or small table,Artificial_Structures_and_Products,Miscellaneous_Manufactured_Items
繕,1203,darning,口玉糸羊丷,,,
狙,1204,aim at,｜目犭,,,
阻,1205,thwart,｜目阝.,,,
祖,1206,ancestor,｜目礻,ancestor,People_(人),Family_(家_/_族)
租,1207,tariff,｜目禾,tax,Human_activities,Money_(銭)_and_Commerce_(商)
素,1208,elementary,亠土糸,,,
措,1209,set aside,｜二日扌,,,
粗,1210,coarse,｜目米,,,
組,1211,association,｜目糸,"association, assemble",People_(人),Groups_(団)
疎,1212,alienate,｜口木止疋,,,
訴,1213,sue,丶斤言,,,
塑,1214,model,土屮月丷,,,
遡,1215,go upstream,屮月丷辶,,,
礎,1216,cornerstone,口木疋石,,,
双,1217,pair,丶又,pair,Numbers_(数),Counting_(計)_&_Sequence_(序)
壮,1218,robust,士爿,,,
早,1219,early,十日,early,Time_(時),
争,1220,conflict,亅勹彐,,,
走,1221,run,土,run,Body_(身),Actions
奏,1222,play music,｜丿二大禾,,,
相,1223,mutual,木目,,,
荘,1224,villa,士爿艹,villa,Artificial_Structures_and_Products,Cities_(市)
草,1225,grass,十日艹,grass,Nature,Plants_(植)_and_Trees_(樹)
送,1226,send,大丷辶,,,
倉,1227,warehouse,丿口个,,,
捜,1228,search,｜又日田扌,,,
挿,1229,insert,｜丿十日田扌,,,
桑,1230,mulberry,又木,mulberry,Nature,Plants_(植)_and_Trees_(樹)
巣,1231,nest,木田尚,,,
掃,1232,sweep,冖巾彐扌,,,
曹,1233,cadet,｜日,,,
曽,1234,formerly,日田丷,formerly,Time_(時),
爽,1235,refreshing,亠人,,,
窓,1236,window,儿厶宀心穴,,,
創,1237,create,口个刂,,,
喪,1238,miss,｜口衣,,,
痩,1239,get thin,又疒,weight loss,Body_(身),Health_(体)
葬,1240,interment,匕夕廾艹,,,
装,1241,attire,士爿衣,attire,Artificial_Structures_and_Products,Clothing_(服)_and_Textiles_(布)
僧,1242,Buddhist priest,日田亻丷,Buddhist monk or priest,Human_activities,Religion_(宗)_and_the_Supernatural_World
想,1243,concept,心木目,,,
層,1244,stratum,尸日田丷,,,
総,1245,whole,八厶心糸,,,
遭,1246,encounter,｜日辶,,,
槽,1247,vat,｜日木,tank,Artificial_Structures_and_Products,Miscellaneous_Manufactured_Items
踪,1248,remains,口宀示足,,,
操,1249,maneuver,口木扌品,,,
燥,1250,parch,口木火品,,,
霜,1251,frost,木目雨,frost,Nature,Weather
騒,1252,boisterous,又虫馬,,,
藻,1253,seaweed,口木氵艹品,algae or seaweed,Nature,Plants_(植)_and_Trees_(樹)
造,1254,create,丿口土辶,,,
像,1255,statue,勹口豕亻,,,
増,1256,increase,土日田丷,to increase,Numbers_(数),Calculations_(算)
憎,1257,hate,日田丷忄,hate,Emotions_and_Senses_(感),Emotions_(情)
蔵,1258,warehouse,丿戈臣艹,,,
贈,1259,presents,日田貝丷,,,
臓,1260,entrails,丿戈月臣艹,entrails,Body_(身),Torso_and_organs
即,1261,instant,卩艮,,,
束,1262,bundle,｜八口木,,,
足,1263,foot,口,"leg, foot",Body_(身),Limbs_(肢)
促,1264,stimulate,口足亻,,,
則,1265,rule,貝刂,,,
息,1266,breath,心自,breath,Body_(身),Bodily_Functions
捉,1267,capture,口足扌,,,
速,1268,fast,｜八口木辶,,,
側,1269,side,貝亻刂,side,Physical_Attributes_and_Properties,Form_and_Shape_(形)
測,1270,fathom,貝刂氵,,,
俗,1271,vulgar,八口谷个亻,,,
族,1272,tribe,方矢,,,
属,1273,belong,丿尸禸,,,
賊,1274,burglar,十戈貝,,,
続,1275,continue,儿冖士糸,,,
卒,1276,graduate,亠人十,graduate,Human_activities,Culture
率,1277,rate,亠冫十幺玄,,,
存,1278,suppose,｜丿子,,,
村,1279,village,寸木,village,Artificial_Structures_and_Products,Cities_(市)
孫,1280,grandchild,丿子糸,grandchild,People_(人),Family_(家_/_族)
尊,1281,revered,寸酉丷,,,
損,1282,loss,口貝扌,,,
遜,1283,humble,丿子糸辶,,,
他,1284,other,亻也,,,
多,1285,many,夕,many,Numbers_(数),Counting_(計)_&_Sequence_(序)
汰,1286,luxury,丶大氵,,,
打,1287,hit,亅扌,,,
妥,1288,gentle,女爪,,,
唾,1289,saliva,｜丿口,saliva,Body_(身),Bodily_Functions
堕,1290,degenerate,丿土月阝.,,,
惰,1291,lazy,丿工月忄,,,
駄,1292,burdensome,丶大馬,,,
太,1293,thick,丶大,fat or thick,Physical_Attributes_and_Properties,Miscellaneous_properties
対,1294,opposite,寸文,,,
体,1295,body,木亻,,,
耐,1296,resistant,寸而,,,
待,1297,wait,土寸彳,,,
怠,1298,neglect,厶口心,,,
胎,1299,womb,厶口月,foetus,Body_(身),Bodily_Functions
退,1300,retreat,艮辶,,,
帯,1301,sash,｜冖巾,belt,Artificial_Structures_and_Products,Clothing_(服)_and_Textiles_(布)
泰,1302,peaceful,｜丿二水,,,
堆,1303,piled high,土隹,,,
袋,1304,sack,弋衣亻,bag,Artificial_Structures_and_Products,Miscellaneous_Manufactured_Items
逮,1305,apprehend,彐水隶辶,,,
替,1306,exchange,二亠人大日,,,
貸,1307,lend,弋貝亻,,,
隊,1308,group,豕丷阝.,,,
滞,1309,stagnate,冖巾氵,,,
態,1310,condition,匕厶心月,,,
戴,1311,be crowned with,｜二八土戈田,,,
大,1312,large,,large,Physical_Attributes_and_Properties,Form_and_Shape_(形)
代,1313,substitute,弋亻,,,
台,1314,pedestal,厶口,counter for machines and vehicles,Numbers_(数),Counters_(個)
第,1315,ordinal number prefix,弓竹,ordinal marker,Numbers_(数),Counting_(計)_&_Sequence_(序)
題,1316,topic,日疋貝頁,topic,Human_activities,Language_(語)_and_Communication
滝,1317,waterfall,田立氵竜,waterfall,Nature,Land_(陸)_and_Topography
宅,1318,home,丿乙宀,,,
択,1319,choose,尸扌,,,
沢,1320,swamp,尸氵,swamp,Nature,Land_(陸)_and_Topography
卓,1321,eminent,十卜日,table,Artificial_Structures_and_Products,Miscellaneous_Manufactured_Items
拓,1322,clear (the land),口石扌,,,
託,1323,consign,丿乙言,,,
濯,1324,laundry,彐隹氵,,,
諾,1325,consent,丿口言艹,,,
濁,1326,voiced,勹网虫氵,,,
但,1327,however,日亻,,,
達,1328,attain,土玉羊丷辶,,,
脱,1329,undress,儿口月丷,,,
奪,1330,rob,大寸隹,,,
棚,1331,shelf,月木,,,
誰,1332,who (question word),言隹,,,
丹,1333,cinnabar,丶丿亅,cinnabar,Nature,Natural_Substances
旦,1334,daybreak,日,sunrise,Time_(時),Divisions_of_the_Day
担,1335,shouldering,日扌,,,
単,1336,simple,十田尚,,,
炭,1337,charcoal,厂山火,coal,Nature,Natural_Substances
胆,1338,gall bladder,日月,gall bladder,Body_(身),Torso_and_organs
探,1339,grope,儿冖木扌,,,
淡,1340,thin,火氵,,,
短,1341,short,口矢豆丷,short,Physical_Attributes_and_Properties,Form_and_Shape_(形)
嘆,1342,sigh,丿口艹,,,
端,1343,edge,山立而,"end, tip",Physical_Attributes_and_Properties,Form_and_Shape_(形)
綻,1344,rip,宀疋糸,,,
誕,1345,nativity,丿廴止言,,,
鍛,1346,forge,殳金,,,
団,1347,group,囗寸,,,
男,1348,male,力田,man,People_(人),General
段,1349,steps,｜殳,,,
断,1350,cut off,｜斤米,,,
弾,1351,bullet,十弓田尚,,,
暖,1352,warmth,丿又日爪,warm,Physical_Attributes_and_Properties,Miscellaneous_properties
談,1353,discuss,火言,discuss,Human_activities,Language_(語)_and_Communication
壇,1354,podium,亠口囗土日,,,
地,1355,ground,土也,ground,Nature,Natural_Substances
池,1356,pond,氵也,pond,Nature,Land_(陸)_and_Topography
知,1357,know,口矢,know,Human_activities,Culture
値,1358,value,｜十目亻,price,Human_activities,Money_(銭)_and_Commerce_(商)
恥,1359,shame,心耳,shame,Emotions_and_Senses_(感),Emotions_(情)
致,1360,(to) do,厶土攴至,,,
遅,1361,slow,尸玉羊丷辶,late,Time_(時),
痴,1362,stupid,口疒矢,,,
稚,1363,immature,禾隹,,,
置,1364,put,十目网,,,
緻,1365,fine (not coarse),厶土攴糸至,fine,Physical_Attributes_and_Properties,Miscellaneous_properties
竹,1366,bamboo,,bamboo,Nature,Plants_(植)_and_Trees_(樹)
畜,1367,livestock,亠幺玄田,livestock,Nature,Animals_(獣)
逐,1368,pursue,豕辶,,,
蓄,1369,amass,亠幺玄田艹,,,
築,1370,fabricate,丶几工木竹,,,
秩,1371,regularity,丿人土大禾,,,
窒,1372,plug up,儿厶土宀穴至,nitrogen,Nature,Natural_Substances
茶,1373,tea,木个艹,tea,Food_(食)_and_Drink_(飲),
着,1374,wear,丿玉目羊丷,to wear,Artificial_Structures_and_Products,Clothing_(服)_and_Textiles_(布)
嫡,1375,legitimate wife,亠冂十口女立丷啇,legitimate wife/family,People_(人),Family_(家_/_族)
中,1376,middle,｜口,middle,Directions_(方)_and_Spatial_Relationships,
仲,1377,relationship,｜口亻,intermediary,People_(人),Roles_and_status
虫,1378,insect,,,,
沖,1379,open sea,｜口氵,"high seas, offshore",Nature,Land_(陸)_and_Topography
宙,1380,mid-air,｜宀日田,,,
忠,1381,loyalty,｜口心,,,
抽,1382,pluck,｜日田扌,,,
注,1383,pour,丶玉氵,,,
昼,1384,daytime,丶尸日,daytime,Time_(時),Divisions_of_the_Day
柱,1385,pillar,丶木玉,,,
衷,1386,inmost,十口衣,,,
酎,1387,sake,寸酉,sake,Food_(食)_and_Drink_(飲),
鋳,1388,casting,丿亠土寸金,casting,Artificial_Structures_and_Products,Miscellaneous_Manufactured_Items
駐,1389,stop-over,丶玉馬,,,
著,1390,renowned,日老艹,,,
貯,1391,savings,亅宀貝,savings,Human_activities,Money_(銭)_and_Commerce_(商)
丁,1392,ward,亅,miscellaneous counter,Numbers_(数),Counters_(個)
弔,1393,condolences,｜弓,,,
庁,1394,government office,亅广,,,
兆,1395,"portent, trillion",儿冫,"1,000,000,000,000",Numbers_(数),
町,1396,town,亅田,town,Artificial_Structures_and_Products,Cities_(市)
長,1397,long,,leader,People_(人),Roles_and_status
挑,1398,challenge,儿冫扌,,,
帳,1399,account book,巾長,,,
張,1400,stretch,弓長,,,
彫,1401,carve,冂口土彡,,,
眺,1402,stare,儿冫目,,,
釣,1403,angling,丶勹金,,,
頂,1404,place on the head,亅貝頁,,,
鳥,1405,bird,灬,,,
朝,1406,morning,十日月,morning,Time_(時),Divisions_of_the_Day
貼,1407,paste,卜口貝,,,
超,1408,transcend,刀口土走,,,
腸,1409,intestines,日月勿,intestines,Body_(身),Torso_and_organs
跳,1410,hop,儿冫口足,,,
徴,1411,indications,山彳攴玉,,,
嘲,1412,ridicule,十口日月,,,
潮,1413,tide,十日月氵,tide,Nature,Weather
澄,1414,lucidity,口癶豆丷氵,,,
調,1415,investigate,冂口土言,,,
聴,1416,listen,十心网耳,listen,Emotions_and_Senses_(感),Senses
懲,1417,penal,山彳心攴玉,,,
直,1418,straight,｜十目,,,
勅,1419,imperial order,｜力口木,,,
捗,1420,make progress,丿小止扌,,,
沈,1421,sink,尢氵,,,
珍,1422,rare,彡玉个,,,
朕,1423,majestic plural,人大月丷,,,
陳,1424,exhibit,｜日木田阝.,,,
賃,1425,fare,玉貝亻,fee or wages,Human_activities,Money_(銭)_and_Commerce_(商)
鎮,1426,tranquilize,八十目金丷,,,
追,1427,follow,｜口辶,,,
椎,1428,oak,木隹,backbone,Body_(身),Torso_and_organs
墜,1429,crash,土豕丷阝.,to fall,Directions_(方)_and_Spatial_Relationships,Movement
通,1430,pass through,用マ辶,,,
痛,1431,pain,用疒マ,pain,Body_(身),Health_(体)
塚,1432,hillock,冖土豕,,,
漬,1433,pickling,亠土貝氵,pickle,Food_(食)_and_Drink_(飲),
坪,1434,two-mat area,土干丷,two-mat area (around 3.3 m²),Numbers_(数),Units_of_Measurement_(測)
爪,1435,claw,,nail,Body_(身),Limbs_(肢)
鶴,1436,crane,宀隹鳥灬,crane,Nature,Animals_(獣)
低,1437,low,氏亻,,,
呈,1438,display,口玉,,,
廷,1439,courts,士廴玉,,,
弟,1440,younger brother,｜丿弓丷,younger brother,People_(人),Family_(家_/_族)
定,1441,decide,宀疋,,,
底,1442,bottom,广氏,bottom,Directions_(方)_and_Spatial_Relationships,
抵,1443,resist,氏扌,,,
邸,1444,residence,氏.阝,,,
亭,1445,pavilion,亅亠冖口,,,
貞,1446,upright,卜貝,,,
帝,1447,sovereign,亠冖巾立丷,Mikado or emperor,People_(人),Roles_and_status
訂,1448,revise,亅言,,,
庭,1449,garden,广廴玉,,,
逓,1450,relay,｜二厂巾辶,,,
停,1451,halt,亅亠冖口亻,,,
偵,1452,spy,卜貝亻,,,
堤,1453,dike,土日疋,embankment,Nature,Land_(陸)_and_Topography
提,1454,present,日疋扌,,,
程,1455,extent,口玉禾,,,
艇,1456,rowboat,廴玉舟,ship,Artificial_Structures_and_Products,Vehicles_(車)_and_Machines_(機)
締,1457,tighten,亠冖巾立糸丷,,,
諦,1458,abandon,亠冖巾立言丷,,,
泥,1459,mud,匕尸氵,mud,Nature,Natural_Substances
的,1460,target,丶勹白,,,
笛,1461,flute,｜日田竹,flute,Human_activities,Culture
摘,1462,pinch,亠冂十口立丷扌啇,,,
滴,1463,drip,亠冂十口立丷氵啇,,,
適,1464,suitable,亠冂十口立丷辶啇,,,
敵,1465,enemy,亠冂十口攴立丷啇,enemy,Human_activities,War_(戦)
溺,1466,drown,冫弓氵,,,
迭,1467,transfer,｜丿大牛矢辶,,,
哲,1468,philosophy,口斤扌,,,
鉄,1469,iron,丿二大矢金,iron,Nature,Natural_Substances
徹,1470,penetrate,亠厶彳攴月,,,
撤,1471,remove,亠厶攴月扌,,,
天,1472,heaven,大,"heaven, sky",Nature,Sky
典,1473,code,｜八日,,,
店,1474,shop,卜口广,,,
点,1475,point,卜口灬,,,
展,1476,expand,｜二尸衣,,,
添,1477,annexed,丿大心氵,,,
転,1478,revolve,二厶車,,,
塡,1479,fill in,,,,
田,1480,rice paddy,,rice paddy,Nature,Land_(陸)_and_Topography
伝,1481,transmit,二厶亻,transmit,Human_activities,Language_(語)_and_Communication
殿,1482,Mr.,｜二八尸殳,,,
電,1483,electricity,乙田雨,electricity,Nature,Weather
斗,1484,Big Dipper,,(around 18 l),Numbers_(数),Units_of_Measurement_(測)
吐,1485,spit,口土,,,
妬,1486,jealousy,口女石,"envy, jealousy",Emotions_and_Senses_(感),Emotions_(情)
徒,1487,junior,土彳走,gang or junior,People_(人),General
途,1488,route,亅八木个辶,,,
都,1489,metropolis,日老.阝,metropolis,Artificial_Structures_and_Products,Cities_(市)
渡,1490,transit,又广氵,,,
塗,1491,paint,亅八土木个氵,paint,Artificial_Structures_and_Products,Miscellaneous_Manufactured_Items
賭,1492,gamble,日老貝,gamble,Human_activities,Money_(銭)_and_Commerce_(商)
土,1493,soil,,earth,Nature,Natural_Substances
奴,1494,guy,又女,"servant, fellow",People_(人),Roles_and_status
努,1495,toil,力又女,,,
度,1496,degrees,又广,number of times,Time_(時),
怒,1497,angry,又女心,anger,Emotions_and_Senses_(感),Emotions_(情)
刀,1498,sword,,,,
冬,1499,winter,丶夂攴,Winter,Time_(時),Seasons_(季_/_候)
灯,1500,lamp,亅火,lamp,Artificial_Structures_and_Products,Miscellaneous_Manufactured_Items
当,1501,hit,彐尚,,,
投,1502,throw,殳扌,,,
豆,1503,beans,口丷,bean,Food_(食)_and_Drink_(飲),
東,1504,east,｜日木田,East,Directions_(方)_and_Spatial_Relationships,
到,1505,arrival,厶土至刂,,,
逃,1506,escape,儿冫辶,,,
倒,1507,overthrow,厶土至亻刂,to reverse,Directions_(方)_and_Spatial_Relationships,Movement
凍,1508,frozen,｜冫日木田,,,
唐,1509,T'ang,｜口广彐,,,
島,1510,island,山白鳥,island,Nature,Land_(陸)_and_Topography
桃,1511,peach tree,儿冫木,peach,Nature,Plants_(植)_and_Trees_(樹)
討,1512,chastise,寸言,attack,Human_activities,War_(戦)
透,1513,transparent,丿禾乃辶,,,
党,1514,group,儿冖口尚,,,
悼,1515,lament,十卜日忄,,,
盗,1516,steal,冫欠皿,,,
陶,1517,pottery,勹缶阝.,pottery,Artificial_Structures_and_Products,Miscellaneous_Manufactured_Items
塔,1518,pagoda,口土个艹,,,
搭,1519,board,口个扌艹,to board or load,Artificial_Structures_and_Products,Vehicles_(車)_and_Machines_(機)
棟,1520,ridgepole,｜日木田,,,
湯,1521,hot water,｜日氵勿,,,
痘,1522,pox,口疒豆丷,pox,Body_(身),Health_(体)
登,1523,climb,口癶豆丷,,,
答,1524,answer,口竹个,answer,Human_activities,Language_(語)_and_Communication
等,1525,class,土寸竹,,,
筒,1526,cylinder,冂口竹,,,
統,1527,unite,亠儿厶糸,,,
稲,1528,rice plant,｜日爪禾,rice plant,Nature,Plants_(植)_and_Trees_(樹)
踏,1529,step,口日水足,,,
糖,1530,sugar,口广米,sugar,Food_(食)_and_Drink_(飲),
頭,1531,head,口豆貝頁丷,"counter for animals, large",Numbers_(数),Counters_(個)
謄,1532,mimeograph,｜月言,,,
藤,1533,wisteria,｜月水艹,wisteria,Nature,Plants_(植)_and_Trees_(樹)
闘,1534,fight,口寸豆門丷,battle,Human_activities,War_(戦)
騰,1535,inflation,月馬丷,,,
同,1536,same,冂口,,,
洞,1537,den,冂口氵,,,
胴,1538,trunk,冂口月,torso,Body_(身),Torso_and_organs
動,1539,move,｜力日里,,,
堂,1540,public chamber,冖口土尚,,,
童,1541,juvenile,立里,juvenile,People_(人),General
道,1542,road,自首丷辶,,,
働,1543,work,｜力日亻,work,Human_activities,Money_(銭)_and_Commerce_(商)
銅,1544,copper,冂口金,copper,Nature,Natural_Substances
導,1545,guide,寸自丷辶,,,
瞳,1546,pupil,目立里,pupil,Body_(身),Head_(頭)_and_Neck_(首)
峠,1547,mountain peak,｜卜山,mountain pass,Nature,Land_(陸)_and_Topography
匿,1548,hide,丿匚口艹,,,
特,1549,special,土寸牛,,,
得,1550,acquire,寸彳日,,,
督,1551,coach,卜又小目,supervisor,People_(人),Roles_and_status
徳,1552,benevolence,十彳心网,,,
篤,1553,fervent,竹馬鳥灬,,,
毒,1554,poison,亠土毋,,,
独,1555,alone,虫犭,,,
読,1556,read,儿冖士士言,read,Human_activities,Language_(語)_and_Communication
栃,1557,horse chestnut,厂斤木,horse chestnut,Nature,Plants_(植)_and_Trees_(樹)
凸,1558,convex,｜冂凵,convex,Physical_Attributes_and_Properties,Form_and_Shape_(形)
突,1559,stab,儿大宀穴,,,
届,1560,deliver,｜尸日田,,,
屯,1561,barracks,丿乙凵,barracks,Human_activities,War_(戦)
豚,1562,pork,月豕,pig,Nature,Animals_(獣)
頓,1563,suddenly,貝頁屯,,,
貪,1564,covet,貝个,,,
鈍,1565,dull,金屯,,,
曇,1566,cloudy weather,二厶日雨,cloudy,Nature,Weather
丼,1567,bowl of food,｜丶丿二廾井,bowl,Artificial_Structures_and_Products,Miscellaneous_Manufactured_Items
那,1568,what,二刀.阝,,,
奈,1569,what,大示,,,
内,1570,inside,人冂,inside,Directions_(方)_and_Spatial_Relationships,
梨,1571,pear tree,木禾刂,pear,Nature,Plants_(植)_and_Trees_(樹)
謎,1572,riddle,米言辶,,,
鍋,1573,pot,冂口金,pot,Artificial_Structures_and_Products,Miscellaneous_Manufactured_Items
南,1574,south,冂十干丷,South,Directions_(方)_and_Spatial_Relationships,
軟,1575,soft,欠車,soft,Physical_Attributes_and_Properties,Miscellaneous_properties
難,1576,difficult,亠口大隹艹,,,
二,1577,two,,2,Numbers_(数),
尼,1578,nun,匕尸,Buddhist nun,Human_activities,Religion_(宗)_and_the_Supernatural_World
弐,1579,two (falsification prevention),二弋,,,
匂,1580,scent,勹匕,fragrance,Emotions_and_Senses_(感),Senses
肉,1581,meat,人冂,meat,Food_(食)_and_Drink_(飲),
虹,1582,rainbow,工虫,rainbow,Nature,Weather
日,1583,day,,sun,Nature,Sky
入,1584,enter,,in,Directions_(方)_and_Spatial_Relationships,
乳,1585,milk,乙子爪,milk,Food_(食)_and_Drink_(飲),
尿,1586,urine,尸水,urine,Body_(身),Bodily_Functions
任,1587,responsibility,丿士玉亻,,,
妊,1588,pregnancy,丿士女玉,pregnant,Body_(身),Bodily_Functions
忍,1589,endure,丶刀心,,,
認,1590,recognize,丶刀心言,,,
寧,1591,rather,亅宀心网,,,
熱,1592,heat,丶儿土九灬,heat,Nature,Weather
年,1593,year,丿干,year,Time_(時),Divisions_of_the_Year
念,1594,thought,｜心个,,,
捻,1595,twist,｜心个扌,,,
粘,1596,sticky,卜口米,sticky,Physical_Attributes_and_Properties,Miscellaneous_properties
燃,1597,burn,夕火犬灬,,,
悩,1598,trouble,凵尚忄,,,
納,1599,settlement,人冂糸,,,
能,1600,ability,匕厶月,,,
脳,1601,brain,凵月尚,brain,Body_(身),Head_(頭)_and_Neck_(首)
農,1602,farming,｜厂日衣辰,,,
濃,1603,concentrated,｜厂日衣辰氵,concentrated,Physical_Attributes_and_Properties,Miscellaneous_properties
把,1604,grasp,扌巴,,,
波,1605,wave,又皮氵,wave,Nature,Weather
派,1606,sect,厂斤氵,religious sect,Human_activities,Religion_(宗)_and_the_Supernatural_World
破,1607,rend,又口皮石,,,
覇,1608,hegemony,月襾革,,,
馬,1609,horse,,horse,Nature,Animals_(獣)
婆,1610,old woman,又女皮氵,grandmother,People_(人),Family_(家_/_族)
罵,1611,insult,网馬,,,
拝,1612,worship,｜干扌,,,
杯,1613,counter for cupfuls,｜丿木礻,cup,Artificial_Structures_and_Products,Miscellaneous_Manufactured_Items
背,1614,back,匕月爿,back,Body_(身),Torso_and_organs
肺,1615,lungs,亠巾月,lung,Body_(身),Torso_and_organs
俳,1616,haiku,非亻,haiku,Human_activities,Culture
配,1617,distribute,己酉,,,
排,1618,repudiate,非扌,,,
敗,1619,failure,攴貝,,,
廃,1620,abolish,儿广癶,,,
輩,1621,comrade,車非,"fellow, comrade",People_(人),Roles_and_status
売,1622,sell,儿冖士,sell,Human_activities,Money_(銭)_and_Commerce_(商)
倍,1623,double,口立亻,"to double, times",Numbers_(数),Calculations_(算)
梅,1624,ume (Japanese apricot),木毋,plum,Nature,Plants_(植)_and_Trees_(樹)
培,1625,cultivate,口土立,,,
陪,1626,obeisance,口立阝.,,,
媒,1627,mediator,女木甘,,,
買,1628,buy,网貝,buy,Human_activities,Money_(銭)_and_Commerce_(商)
賠,1629,compensation,口立貝,,,
白,1630,white,,white,Physical_Attributes_and_Properties,Colours_(色)
伯,1631,chief,白亻,"aunt, uncle",People_(人),Family_(家_/_族)
拍,1632,clap,白扌,"clap, beat (music)",Human_activities,Culture
泊,1633,overnight,白氵,,,
迫,1634,urge,白辶,,,
剝,1635,peel,,,,
舶,1636,liner,白舟,oceangoing ship,Artificial_Structures_and_Products,Vehicles_(車)_and_Machines_(機)
博,1637,Dr.,丶十寸田,,,
薄,1638,dilute,丶十寸田氵艹,dilute or thin,Physical_Attributes_and_Properties,Miscellaneous_properties
麦,1639,wheat,夂,barley or wheat,Food_(食)_and_Drink_(飲),
漠,1640,vague,大日氵艹,desert,Nature,Land_(陸)_and_Topography
縛,1641,truss,丶十寸田糸,,,
爆,1642,explode,｜八日水火井,,,
箱,1643,box,木目竹,box,Artificial_Structures_and_Products,Miscellaneous_Manufactured_Items
箸,1644,chopsticks,日竹老,chopsticks,Artificial_Structures_and_Products,Miscellaneous_Manufactured_Items
畑,1645,farm,火田,field,Nature,Land_(陸)_and_Topography
肌,1646,texture,几月,skin,Body_(身),General_2
八,1647,eight,,8,Numbers_(数),
鉢,1648,bowl,木金,bowl,Artificial_Structures_and_Products,Miscellaneous_Manufactured_Items
発,1649,departure,二儿癶,,,
髪,1650,hair of the head,夂彡長髟,hair,Body_(身),Head_(頭)_and_Neck_(首)
伐,1651,fell,戈亻,attack or punish,Human_activities,War_(戦)
抜,1652,slip out,亠又夂扌,,,
罰,1653,penalty,网言刂,,,
閥,1654,clique,戈門亻,,,
反,1655,anti-,厂又,,,
半,1656,half,｜二十丷,half,Numbers_(数),Counting_(計)_&_Sequence_(序)
氾,1657,spread out,乙卩氵,,,
犯,1658,crime,乙卩犭,,,
帆,1659,sail,丶几巾,sail,Artificial_Structures_and_Products,Miscellaneous_Manufactured_Items
汎,1660,pan-,丶几氵,,,
伴,1661,consort,｜二十亻丷,,,
判,1662,judge,｜二十丷刂,,,
坂,1663,slope,厂又土,slope,Nature,Land_(陸)_and_Topography
阪,1664,heights,厂又阝.,,,
板,1665,board,厂又木,board or plate,Artificial_Structures_and_Products,Miscellaneous_Manufactured_Items
版,1666,printing block,厂又片,,,
班,1667,squad,厂土玉,,,
畔,1668,paddy-ridge,｜二十田丷,levee,Nature,Land_(陸)_and_Topography
般,1669,generally,殳舟,,,
販,1670,marketing,厂又貝,marketing,Human_activities,Money_(銭)_and_Commerce_(商)
斑,1671,blemish,文玉,,,
飯,1672,meal,厂又食,"cooked rice, meal",Food_(食)_and_Drink_(飲),
搬,1673,conveyor,殳舟扌,to transport,Directions_(方)_and_Spatial_Relationships,Movement
煩,1674,anxiety,火貝頁,"anxiety, annoyance",Emotions_and_Senses_(感),Emotions_(情)
頒,1675,partition,八刀貝頁,,,
範,1676,pattern,乙卩竹車,,,
繁,1677,luxuriant,攴毋糸,,,
藩,1678,clan,田米釆氵艹,,,
晩,1679,nightfall,儿日免,evening,Time_(時),Divisions_of_the_Day
番,1680,one's turn,田米釆,numerical order,Numbers_(数),Counting_(計)_&_Sequence_(序)
蛮,1681,barbarian,亠虫,,,
盤,1682,tray,殳皿舟,board or disk,Artificial_Structures_and_Products,Miscellaneous_Manufactured_Items
比,1683,compare,,,,
皮,1684,skin,又,skin,Body_(身),General_2
妃,1685,queen,女己,"princess, queen",People_(人),Roles_and_status
否,1686,negate,丿口,,,
批,1687,criticism,比扌,,,
彼,1688,he,又彳皮,he,People_(人),General
披,1689,expose,又皮扌,,,
肥,1690,fertilizer,月巴,,,
非,1691,negative,,,,
卑,1692,lowly,十田,,,
飛,1693,fly,,,,
疲,1694,exhausted,又疒皮,tired,Body_(身),Health_(体)
秘,1695,secret,丶丿心禾,,,
被,1696,incur,又皮衤,,,
悲,1697,sad,心非,,,
扉,1698,front door,戸非,,,
費,1699,expense,｜弓貝,expense,Human_activities,Money_(銭)_and_Commerce_(商)
碑,1700,tombstone,十口田石,,,
罷,1701,quit,匕厶月网,,,
避,1702,evade,十口尸立辛辶,,,
尾,1703,tail,尸毛,tail,Nature,Animals_(獣)
眉,1704,eyebrow,｜尸目,eyebrow,Body_(身),Head_(頭)_and_Neck_(首)
美,1705,beauty,大玉羊丷,,,
備,1706,provide,厂用亻艹,,,
微,1707,delicate,山彳攴,delicate,Physical_Attributes_and_Properties,Miscellaneous_properties
鼻,1708,nose,廾田自,nose,Body_(身),Head_(頭)_and_Neck_(首)
膝,1709,knee,月木水个,knee,Body_(身),Limbs_(肢)
肘,1710,elbow,寸月,elbow,Body_(身),Limbs_(肢)
匹,1711,equal,儿匚,counter for animals,Numbers_(数),Counters_(個)
必,1712,without fail,丿心,,,
泌,1713,ooze,丶丿心氵,,,
筆,1714,writing brush,竹聿,"writing, brush",Human_activities,Language_(語)_and_Communication
姫,1715,princess,女臣,princess,People_(人),Roles_and_status
百,1716,hundred,白,100,Numbers_(数),
氷,1717,ice,丶水,ice,Nature,Natural_Substances
表,1718,express,士衣,express,Human_activities,Language_(語)_and_Communication
俵,1719,bag,士衣亻,straw bag or sack,Artificial_Structures_and_Products,Miscellaneous_Manufactured_Items
票,1720,ballot,示襾,,,
評,1721,evaluate,｜二言丷,,,
漂,1722,drift,示襾氵,,,
標,1723,signpost,木示襾,,,
苗,1724,seedling,田艹,seedling,Nature,Plants_(植)_and_Trees_(樹)
秒,1725,second (part of time),丿小禾,second,Time_(時),Divisions_of_the_Day
病,1726,sick,人冂疒,illness,Body_(身),Health_(体)
描,1727,sketch,田扌艹,,,
猫,1728,cat,田犭艹,cat,Nature,Animals_(獣)
品,1729,article,口,article,Artificial_Structures_and_Products,Miscellaneous_Manufactured_Items
浜,1730,seacoast,八斤氵,beach,Nature,Land_(陸)_and_Topography
貧,1731,poor,八刀貝,,,
賓,1732,V.I.P.,丿宀小貝,"guest, VIP",People_(人),Roles_and_status
頻,1733,repeatedly,丿小止貝頁,,,
敏,1734,cleverness,攴毋,,,
瓶,1735,flower pot,瓦丷,bottle or jar,Artificial_Structures_and_Products,Miscellaneous_Manufactured_Items
不,1736,non-,｜丶丿,,,
夫,1737,husband,二人大,husband or man,People_(人),Roles_and_status
父,1738,father,,father,People_(人),Family_(家_/_族)
付,1739,attach,寸亻,,,
布,1740,linen,丿巾,,,
扶,1741,aid,二人大扌,,,
府,1742,urban prefecture,寸广亻,,,
怖,1743,dreadful,丿巾忄,dread,Emotions_and_Senses_(感),Emotions_(情)
阜,1744,mound,十,hill,Nature,Land_(陸)_and_Topography
附,1745,affixed,寸亻阝.,,,
訃,1746,obituary,卜言,obituary,Human_activities,Language_(語)_and_Communication
負,1747,lose,勹貝,,,
赴,1748,proceed,卜土走,to visit,Directions_(方)_and_Spatial_Relationships,Movement
浮,1749,floating,子爪氵,,,
婦,1750,lady,冖女巾彐,wife or lady,People_(人),Roles_and_status
符,1751,token,寸竹亻,,,
富,1752,rich,口宀田,rich,Human_activities,Money_(銭)_and_Commerce_(商)
普,1753,universal,｜二日丷,,,
腐,1754,rot,寸广肉亻,,,
敷,1755,spread,丶十攴方田,,,
膚,1756,skin,匕卜厂月田虍,skin,Body_(身),General_2
賦,1757,levy,弋止貝,installment or levy,Human_activities,Money_(銭)_and_Commerce_(商)
譜,1758,musical score,｜二日言丷,,,
侮,1759,scorn,毋亻,,,
武,1760,military,弋止,military,Human_activities,War_(戦)
部,1761,part,口立.阝,,,
舞,1762,dance,｜丿二夕舛無,,,
封,1763,seal,土寸,,,
風,1764,wind,丿冂虫,wind,Nature,Weather
伏,1765,prostrated,犬亻,,,
服,1766,clothes,卩又月,,,
副,1767,vice,口田刂,,,
幅,1768,breadth,口巾田,width,Physical_Attributes_and_Properties,Form_and_Shape_(形)
復,1769,again,夂彳日,,,
福,1770,luck,口田礻,,,
腹,1771,abdomen,夂日月,stomach,Body_(身),Torso_and_organs
複,1772,duplicate,夂日衤,,,
覆,1773,capsize,夂彳日襾,,,
払,1774,pay,厶扌,pay,Human_activities,Money_(銭)_and_Commerce_(商)
沸,1775,seethe,｜丿弓氵,,,
仏,1776,Buddha,厶亻,Buddha,Human_activities,Religion_(宗)_and_the_Supernatural_World
物,1777,thing,勹牛勿,,,
粉,1778,flour,刀米丷,flour,Food_(食)_and_Drink_(飲),
紛,1779,distract,八刀糸,confusion,Emotions_and_Senses_(感),Emotions_(情)
雰,1780,atmosphere,八刀雨,,,
噴,1781,erupt,十口貝艹,,,
墳,1782,tomb,十土貝艹,,,
憤,1783,aroused,十貝忄艹,indignation,Emotions_and_Senses_(感),Emotions_(情)
奮,1784,stirred up,大田隹,,,
分,1785,"part, minute of time",八刀,minute,Time_(時),Divisions_of_the_Day
文,1786,writing,,text,Human_activities,Language_(語)_and_Communication
聞,1787,hear,耳門,ask,Human_activities,Language_(語)_and_Communication
丙,1788,third class,人冂,third,Numbers_(数),Counting_(計)_&_Sequence_(序)
平,1789,flat,干丷,,,
兵,1790,soldier,八斤,,,
併,1791,join,｜丿二廾亻丷,,,
並,1792,line-up,｜二丷,line up,Physical_Attributes_and_Properties,Form_and_Shape_(形)
柄,1793,design,人冂木,"design, pattern",Physical_Attributes_and_Properties,Form_and_Shape_(形)
陛,1794,highness,土比阝.,,,
閉,1795,closed,丿亅門,,,
塀,1796,fence,｜丿二八土尸廾,,,
幣,1797,cash,冂巾攴丷,currency,Human_activities,Money_(銭)_and_Commerce_(商)
弊,1798,abuse,｜冂巾廾攴丷尚,,,
蔽,1799,cover,｜冂巾攴丷尚艹,,,
餅,1800,mochi rice cake,｜丿二廾食丷,rice cake,Food_(食)_and_Drink_(飲),
米,1801,rice,,rice,Food_(食)_and_Drink_(飲),
壁,1802,wall,十口土尸立辛,,,
璧,1803,sphere,十口尸玉立辛,,,
癖,1804,mannerism,十口尸疒立辛,,,
別,1805,separate,力口刂,,,
蔑,1806,ignore,丿戈网艹,contempt,Emotions_and_Senses_(感),Emotions_(情)
片,1807,one-sided,,,,
辺,1808,environs,刀辶,,,
返,1809,return,厂又辶,,,
変,1810,change,亠夂,,,
偏,1811,partial,｜冂戸亻冊,,,
遍,1812,everywhere,｜冂戸辶冊,,,
編,1813,compile,｜冂戸糸冊,,,
弁,1814,valve,厶廾,,,
便,1815,convenience,｜丿日田亻,faeces,Body_(身),Bodily_Functions
勉,1816,exertion,儿力免,,,
歩,1817,walk,丿小止,walk,Body_(身),Actions
保,1818,preserve,口木亻,,,
哺,1819,suckle,丶十口用,suckle,Body_(身),Bodily_Functions
捕,1820,catch,丶十用扌,,,
補,1821,supplement,丶十用衤,,,
舗,1822,pavement,丶十口土用个,,,
母,1823,mother,,mother,People_(人),Family_(家_/_族)
募,1824,recruit,力大日艹,,,
墓,1825,grave,土大日艹,,,
慕,1826,pining,大心日艹,adoration or reverence,Emotions_and_Senses_(感),Emotions_(情)
暮,1827,livelihood,大日艹,sunset,Time_(時),Divisions_of_the_Day
簿,1828,register,丶十寸田竹氵,,,
方,1829,direction,,honorable person,People_(人),Roles_and_status
包,1830,wrap,勹己,,,
芳,1831,perfume,方艹,fragrant,Emotions_and_Senses_(感),Senses
邦,1832,home country,丿二.阝,,,
奉,1833,observance,｜丿二人大,,,
宝,1834,treasure,丶宀玉,treasure or wealth,Human_activities,Money_(銭)_and_Commerce_(商)
抱,1835,embrace,勹己扌,,,
放,1836,release,攴方,,,
法,1837,method,厶土氵,,,
泡,1838,bubbles,勹己氵,,,
胞,1839,placenta,勹己月,,,
俸,1840,salary,｜丿二人大亻,salary,Human_activities,Money_(銭)_and_Commerce_(商)
倣,1841,emulate,攴方亻,,,
峰,1842,summit,｜夂山,mountain or peak,Nature,Land_(陸)_and_Topography
砲,1843,cannon,勹口己石,,,
崩,1844,crumble,山月,,,
訪,1845,visit,方言,,,
報,1846,report,亠十卩又土立辛,inform,Human_activities,Language_(語)_and_Communication
蜂,1847,bee,｜夂虫,bee,Nature,Animals_(獣)
豊,1848,bountiful,｜口日豆丷,,,
飽,1849,sated,勹己食,,,
褒,1850,praise,亠口小衣亻,,,
縫,1851,sew,｜夂糸辶,to sew,Artificial_Structures_and_Products,Clothing_(服)_and_Textiles_(布)
亡,1852,deceased,亠,,,
乏,1853,scarce,丶丿乙亠,,,
忙,1854,busy,亠忄亡,,,
坊,1855,boy,土方,"boy, sonny",People_(人),General
妨,1856,disturb,女方,,,
忘,1857,forget,亠心亡,,,
防,1858,prevent,方阝.,,,
房,1859,tassel,戸方,,,
肪,1860,obese,方月,,,
某,1861,so-and-so,木甘,,,
冒,1862,risk,日目,,,
剖,1863,divide,口立刂,"to halve, split in two",Numbers_(数),Calculations_(算)
紡,1864,spinning,方糸,to spin or weave,Artificial_Structures_and_Products,Clothing_(服)_and_Textiles_(布)
望,1865,hope,月玉亡,,,
傍,1866,bystander,亠冖方立亻丷,,,
帽,1867,cap,巾日目,hat,Artificial_Structures_and_Products,Clothing_(服)_and_Textiles_(布)
棒,1868,rod,｜丿二人大木,rod,Artificial_Structures_and_Products,Miscellaneous_Manufactured_Items
貿,1869,trade,刀厶貝,trade,Human_activities,Money_(銭)_and_Commerce_(商)
貌,1870,appearance,儿白豸,,,
暴,1871,outburst,｜二八日水井,violent rage,Emotions_and_Senses_(感),Emotions_(情)
膨,1872,swell,十口土彡月豆丷,,,
謀,1873,conspire,木甘言,,,
頰,1874,cheek,,,,
北,1875,north,匕爿,North,Directions_(方)_and_Spatial_Relationships,
木,1876,tree,,wood,Nature,Plants_(植)_and_Trees_(樹)
朴,1877,crude,卜木,,,
牧,1878,breed,攴牛,pasture,Nature,Land_(陸)_and_Topography
睦,1879,harmonious,儿土目,,,
僕,1880,me,玉羊亻丷,I or me,People_(人),General
墨,1881,black ink,土里黒灬,,,
撲,1882,slap,人玉羊丷扌,,,
没,1883,drown,殳氵,,,
勃,1884,rise,冖力十子,,,
堀,1885,ditch,｜土尸山,ditch,Nature,Land_(陸)_and_Topography
本,1886,book,木,book,Human_activities,Language_(語)_and_Communication
奔,1887,bustle,丿十大廾,,,
翻,1888,flip,冫田米羽釆,,,
凡,1889,mediocre,丶几,,,
盆,1890,basin,八刀皿,basin or tray,Artificial_Structures_and_Products,Miscellaneous_Manufactured_Items
麻,1891,hemp,广木,flax or hemp,Nature,Plants_(植)_and_Trees_(樹)
摩,1892,chafe,广手木麻,,,
磨,1893,grind,口广木石麻,,,
魔,1894,witch,儿匕广木田鬼麻,demon,Human_activities,Religion_(宗)_and_the_Supernatural_World
毎,1895,every,毋,every,Numbers_(数),Counting_(計)_&_Sequence_(序)
妹,1896,younger sister,｜二亠八女木,younger sister,People_(人),Family_(家_/_族)
枚,1897,sheet of...,攴木,counter for flat things,Numbers_(数),Counters_(個)
昧,1898,foolish,｜二亠八日木,,,
埋,1899,bury,土里,,,
幕,1900,curtain,大巾日艹,curtain,Artificial_Structures_and_Products,Miscellaneous_Manufactured_Items
膜,1901,membrane,大日月艹,,,
枕,1902,pillow,丿乙冖尢木,pillow,Artificial_Structures_and_Products,Miscellaneous_Manufactured_Items
又,1903,or again,,,,
末,1904,end,｜亠八木,,,
抹,1905,rub,｜亠八木扌,,,
万,1906,ten thousand,｜丿,"10,000",Numbers_(数),
満,1907,full,｜二冂山氵,,,
慢,1908,ridicule,又日网忄,,,
漫,1909,cartoon,又日网氵,,,
未,1910,not yet,｜二亠八木,,,
味,1911,flavor,｜二亠八口木,,,
魅,1912,fascination,｜二亠儿八匕木田鬼,,,
岬,1913,headland,｜山日田,headland,Nature,Land_(陸)_and_Topography
密,1914,secrecy,丶丿宀山心,,,
蜜,1915,honey,丶丿宀心虫,honey,Food_(食)_and_Drink_(飲),
脈,1916,vein,厂斤月,vein,Body_(身),General_2
妙,1917,exquisite,丿女小,,,
民,1918,people,口氏,people,People_(人),General
眠,1919,sleep,口氏目,sleep,Body_(身),Bodily_Functions
矛,1920,halberd,マ,,,
務,1921,duty,力夂矛,,,
無,1922,nothing,｜丿灬,,,
夢,1923,dream,冖夕网艹,dream,Body_(身),Bodily_Functions
霧,1924,fog,力夂矛雨,fog,Nature,Weather
娘,1925,daughter,女艮,daughter,People_(人),Family_(家_/_族)
名,1926,name,口夕,name,People_(人),Family_(家_/_族)
命,1927,fate,卩口个,,,
明,1928,bright,日月,light,Nature,Weather
迷,1929,astray,米辶,confusion,Emotions_and_Senses_(感),Emotions_(情)
冥,1930,dark,亠八冖日,dark,Nature,Weather
盟,1931,alliance,日月皿,,,
銘,1932,inscription,口夕金,,,
鳴,1933,chirp,口鳥灬,,,
滅,1934,destroy,丿戈火氵,,,
免,1935,excuse,｜儿勹口,,,
面,1936,face,,,,
綿,1937,cotton,巾白糸,cotton,Artificial_Structures_and_Products,Clothing_(服)_and_Textiles_(布)
麺,1938,noodles,夂面麥,noodles,Food_(食)_and_Drink_(飲),
茂,1939,overgrown,丿戈艹,,,
模,1940,imitation,大日木艹,pattern,Physical_Attributes_and_Properties,Form_and_Shape_(形)
毛,1941,hair,,fur,Nature,Animals_(獣)
妄,1942,delusion,亠女亡,,,
盲,1943,blind,亠目亡,blind,Emotions_and_Senses_(感),Senses
耗,1944,decrease,｜八士木毛耒,to consume,Numbers_(数),Calculations_(算)
猛,1945,fierce,子皿犭,,,
網,1946,netting,冂糸丷亡,net,Artificial_Structures_and_Products,Miscellaneous_Manufactured_Items
目,1947,eye,,eye,Body_(身),Head_(頭)_and_Neck_(首)
黙,1948,silence,犬里黒灬,,,
門,1949,gates,,,,
紋,1950,family crest,文糸,,,
問,1951,question,口門,question,Human_activities,Language_(語)_and_Communication
冶,1952,melting,冫厶口,,,
夜,1953,night,亠夕亻,night,Time_(時),Divisions_of_the_Day
野,1954,field,亅矛里,field,Nature,Land_(陸)_and_Topography
弥,1955,all the more,丿亅小弓,,,
厄,1956,unlucky,卩厂,,,
役,1957,service,彳殳,,,
約,1958,promise,丶勹糸,,,
訳,1959,translate,丶尸言,,,
薬,1960,medicine,冫日木艹,drug,Body_(身),Health_(体)
躍,1961,leap,口彐足隹,,,
闇,1962,darkness,日立門音,dark,Nature,Weather
由,1963,reason,｜日田,,,
油,1964,oil,｜日田氵,oil,Nature,Natural_Substances
喩,1965,metaphor,口月个刂,,,
愉,1966,pleasure,月个刂忄,,,
諭,1967,rebuke,月言个刂,,,
輸,1968,transport,月車个刂,,,
癒,1969,healing,心月疒个刂,heal,Body_(身),Health_(体)
唯,1970,solely,口隹,,,
友,1971,friend,丿又,friend,People_(人),Roles_and_status
有,1972,have,丿月,,,
勇,1973,courage,力田マ,,,
幽,1974,seclude,｜凵幺,dark or hidden,Human_activities,Religion_(宗)_and_the_Supernatural_World
悠,1975,permanence,｜夂心攴亻,,,
郵,1976,mail,｜丿.阝,,,
湧,1977,boil,力田マ氵,,,
猶,1978,furthermore,酉丷犭,,,
裕,1979,abundant,八口谷个衤,,,
遊,1980,play,子方辶,,,
雄,1981,male,丿厶隹,,,
誘,1982,entice,禾言乃,,,
憂,1983,melancholy,冖夂心自,worry,Emotions_and_Senses_(感),Emotions_(情)
融,1984,dissolve,儿冂口虫鬲,,,
優,1985,superior,冖夂心白亻,,,
与,1986,give,勹卜,,,
予,1987,in advance,亅マ,,,
余,1988,leave over,亅二八示个,,,
誉,1989,reputation,言丷尚,,,
預,1990,deposit,亅欠貝頁マ,,,
幼,1991,infancy,力幺,,,
用,1992,use,,,,
羊,1993,sheep,玉丷,sheep,Nature,Animals_(獣)
妖,1994,bewitching,丿大女,goblin or yōkai,Human_activities,Religion_(宗)_and_the_Supernatural_World
洋,1995,ocean,玉羊丷氵,ocean,Nature,Land_(陸)_and_Topography
要,1996,need,女襾,,,
容,1997,contain,八口宀穴谷个,,,
庸,1998,commonplace,广彐用聿,,,
揚,1999,hoist,日扌勿,to fry,Food_(食)_and_Drink_(飲),Cooking_(炊)
揺,2000,swing,凵干爪缶扌,,,
葉,2001,leaf,木艹世,leaf,Nature,Plants_(植)_and_Trees_(樹)
陽,2002,sunshine,日阝.勿,Yang principle,Human_activities,Religion_(宗)_and_the_Supernatural_World
溶,2003,melt,八口宀穴谷个氵,,,
腰,2004,loins,女月襾,waist,Body_(身),Torso_and_organs
様,2005,formal title,木水玉羊丷,,,
瘍,2006,boil (medical),丿勹日疒,ulcer,Body_(身),Health_(体)
踊,2007,jump,口用足マ,jump,Body_(身),Actions
窯,2008,kiln,儿宀玉穴羊丷灬,kiln or stove,Artificial_Structures_and_Products,Miscellaneous_Manufactured_Items
養,2009,foster,玉羊食丷,,,
擁,2010,embrace,亠隹扌,,,
謡,2011,noh chanting,凵干爪缶言,"song, noh chant",Human_activities,Culture
曜,2012,day of the week,彐日隹,day of week,Time_(時),Divisions_of_the_Year
抑,2013,repress,卩扌,,,
沃,2014,fertility,丿大氵,,,
浴,2015,bathe,八口谷个氵,,,
欲,2016,longing,八口欠谷个,desire,Emotions_and_Senses_(感),Emotions_(情)
翌,2017,the following,冫立羽,the following,Numbers_(数),Counting_(計)_&_Sequence_(序)
翼,2018,wing,｜二八冫田羽井,wing,Nature,Animals_(獣)
拉,2019,crush,立扌,,,
裸,2020,naked,木田衤,,,
羅,2021,gauze,糸网隹,,,
来,2022,come,｜二亠木米,to come,Directions_(方)_and_Spatial_Relationships,Movement
雷,2023,thunder,田雨,thunder,Nature,Weather
頼,2024,trust,｜八口木貝頁,,,
絡,2025,entwine,口夂糸,,,
落,2026,fall,口夂氵艹,to fall,Directions_(方)_and_Spatial_Relationships,Movement
酪,2027,dairy products,口夂酉,dairy products,Food_(食)_and_Drink_(飲),
辣,2028,bitter,｜十口木立辛,spicy,Emotions_and_Senses_(感),Senses
乱,2029,riot,乙口舌,,,
卵,2030,egg,丶丿卜,egg,Food_(食)_and_Drink_(飲),
覧,2031,perusal,丿二臣見,,,
濫,2032,excessive,丿二皿臣氵,,,
藍,2033,indigo,丿二皿臣艹,indigo,Physical_Attributes_and_Properties,Colours_(色)
欄,2034,column,｜日木田門,,,
吏,2035,officer,丶丿口,,,
利,2036,profit,禾刂,,,
里,2037,village,,countryside,Nature,Land_(陸)_and_Topography
理,2038,reason,玉里,reason,Emotions_and_Senses_(感),Judgment_(評)
痢,2039,diarrhea,疒禾刂,diarrhea,Body_(身),Health_(体)
裏,2040,back,亠衣里,rear,Directions_(方)_and_Spatial_Relationships,
履,2041,footgear,夂尸彳日,footwear,Artificial_Structures_and_Products,Clothing_(服)_and_Textiles_(布)
璃,2042,glassy,亠凵玉禸,,,
離,2043,detach,亠凵禸隹,,,
陸,2044,land,儿土阝.,,,
立,2045,stand up,,stand up,Body_(身),Actions
律,2046,law,彳聿,,,
慄,2047,fear,木襾忄,fear,Emotions_and_Senses_(感),Emotions_(情)
略,2048,abbreviation,口夂田,,,
柳,2049,willow,卩木,willow,Nature,Plants_(植)_and_Trees_(樹)
流,2050,stream,亠厶巛氵,,,
留,2051,detain,刀厶田,,,
竜,2052,dragon,乙田立,dragon,Human_activities,Religion_(宗)_and_the_Supernatural_World
粒,2053,grains,立米,grain,Food_(食)_and_Drink_(飲),
隆,2054,hump,夂生阝.,,,
硫,2055,sulphur,亠厶口巛石,sulphur,Nature,Natural_Substances
侶,2056,companion,｜口亻,,,
旅,2057,trip,丿方,to travel,Directions_(方)_and_Spatial_Relationships,Movement
虜,2058,captive,力匕卜厂田虍,,,
慮,2059,prudence,匕卜厂心田虍,,,
了,2060,finish,亅,,,
両,2061,both,｜冂山,both,Numbers_(数),Counting_(計)_&_Sequence_(序)
良,2062,good,艮,good,Emotions_and_Senses_(感),Judgment_(評)
料,2063,fee,斗米,fee,Human_activities,Money_(銭)_and_Commerce_(商)
涼,2064,refreshing,亠口小氵,,,
猟,2065,game-hunting,几用尚犭,,,
陵,2066,mausoleum,儿土夂阝.,,,
量,2067,quantity,日里,,,
僚,2068,colleague,小日亻,colleague,People_(人),Roles_and_status
領,2069,territory,卩貝頁个,,,
寮,2070,dormitory,宀小日个丷,,,
療,2071,heal,小日疒个丷,heal,Body_(身),Health_(体)
瞭,2072,clear,小日目个丷,,,
糧,2073,provisions,日米里,,,
力,2074,power,,power,Artificial_Structures_and_Products,Vehicles_(車)_and_Machines_(機)
緑,2075,green,彐水糸隶,green,Physical_Attributes_and_Properties,Colours_(色)
林,2076,woods,木,grove,Nature,Plants_(植)_and_Trees_(樹)
厘,2077,thousandth,厂里,(around 0.3 mm),Numbers_(数),Units_of_Measurement_(測)
倫,2078,ethics,｜亅个亻冊,,,
輪,2079,wheel,｜車个冊,counter for flowers or wheels,Numbers_(数),Counters_(個)
隣,2080,neighboring,夕米舛阝.,neighbour,People_(人),Roles_and_status
臨,2081,look to,丿口臣品,,,
瑠,2082,lapis lazuli,刀厶玉田,,,
涙,2083,tears,大戸氵,tear,Body_(身),Bodily_Functions
累,2084,accumulate,田糸,,,
塁,2085,bases,冫土田,,,
類,2086,sort,大米貝頁,,,
令,2087,orders,卩个,,,
礼,2088,thanks,乙礻,,,
冷,2089,cool,冫卩个,cold,Nature,Weather
励,2090,encourage,力厂斤,,,
戻,2091,re-,大戸,,,
例,2092,example,歹亻刂,,,
鈴,2093,small bell,卩金个,bell,Artificial_Structures_and_Products,Miscellaneous_Manufactured_Items
零,2094,zero,卩雨个,0,Numbers_(数),
霊,2095,spirits,｜二雨,spirit,Human_activities,Religion_(宗)_and_the_Supernatural_World
隷,2096,slave,二士小彐水隶,underling,People_(人),Roles_and_status
齢,2097,age,凵卩止米齒个,,,
麗,2098,lovely,冂广比鹿,,,
暦,2099,calendar,厂广日木麻,calendar,Time_(時),Divisions_of_the_Year
歴,2100,curriculum,厂广木止麻,,,
列,2101,row,歹刂,"line, row",Physical_Attributes_and_Properties,Form_and_Shape_(形)
劣,2102,inferiority,丿力小,,,
烈,2103,ardent,歹刂灬,,,
裂,2104,split,歹衣刂,,,
恋,2105,romance,亠八心,love,Emotions_and_Senses_(感),Emotions_(情)
連,2106,take along,車辶,,,
廉,2107,bargain,｜八广彐丷,cheap,Human_activities,Money_(銭)_and_Commerce_(商)
練,2108,practice,｜八日木田糸,,,
錬,2109,tempering,｜八日木田金丷,,,
呂,2110,spine,口,backbone,Body_(身),Torso_and_organs
炉,2111,hearth,戸火,,,
賂,2112,bribe,口夂貝,bribe,Human_activities,Money_(銭)_and_Commerce_(商)
路,2113,road,口夂足,,,
露,2114,dew,口夂足雨,dew,Nature,Weather
老,2115,old man,,old,Time_(時),
労,2116,labour,冖力尚,,,
弄,2117,tamper with,廾玉,,,
郎,2118,son,艮.阝,"son, boy",People_(人),General
朗,2119,melodious,月艮,,,
浪,2120,wandering,艮氵,,,
廊,2121,corridor,广艮.阝,,,
楼,2122,watchtower,女木米,,,
漏,2123,leak,尸雨氵,,,
籠,2124,basket,月立竹,basket,Artificial_Structures_and_Products,Miscellaneous_Manufactured_Items
六,2125,six,亠八,6,Numbers_(数),
録,2126,record,彐水金隶,,,
麓,2127,foot of a mountain,广木比鹿,foot of mountain,Nature,Land_(陸)_and_Topography
論,2128,theory,｜言个冊,discourse,Human_activities,Language_(語)_and_Communication
和,2129,peace,口禾,,,
話,2130,talk,口舌言,speak,Human_activities,Language_(語)_and_Communication
賄,2131,bribe,丿月貝,bribe,Human_activities,Money_(銭)_and_Commerce_(商)
脇,2132,aside,力月,armpit,Body_(身),Limbs_(肢)
惑,2133,beguile,口心戈,bewilderment,Emotions_and_Senses_(感),Emotions_(情)
枠,2134,frame,十木九,"border, frame",Physical_Attributes_and_Properties,Form_and_Shape_(形)
湾,2135,gulf,亠弓氵,bay or gulf,Nature,Land_(陸)_and_Topography
腕,2136,arm,卩夕宀月,arm,Body_(身),Limbs_(肢)
